<?xml version="1.0" encoding="UTF-8"?>
<!DOCTYPE hibernate-mapping PUBLIC
        "-//Hibernate/Hibernate Mapping DTD 3.0//EN"
        "http://www.hibernate.org/dtd/hibernate-mapping-3.0.dtd">
<hibernate-mapping>
    <class name="student.entity.User" table="userinfo">
        <id name="id">
            <generator class="uuid"></generator>
        </id>

        <property name="username"></property>
        <property name="password"></property>
        <property name="birthday"></property>
        <property name="phone"></property>
        <property name="email"></property>

    </class>
</hibernate-mapping>