<?xml version="1.0" encoding="UTF-8"?>
<beans xmlns="http://www.springframework.org/schema/beans"
       xmlns:xsi="http://www.w3.org/2001/XMLSchema-instance"
       xmlns:aop="http://www.springframework.org/schema/aop"
       xmlns:tx="http://www.springframework.org/schema/tx"
       xmlns:context="http://www.springframework.org/schema/context"
       xsi:schemaLocation="http://www.springframework.org/schema/beans 
       					   http://www.springframework.org/schema/beans/spring-beans.xsd
       					   http://www.springframework.org/schema/tx 
       					   http://www.springframework.org/schema/tx/spring-tx.xsd
       					   http://www.springframework.org/schema/aop 
       					   http://www.springframework.org/schema/aop/spring-aop.xsd
       					   http://www.springframework.org/schema/context 
       					   http://www.springframework.org/schema/context/spring-context.xsd">

	<!-- 部门配置项：dao、service -->
	
	<bean id="courseTypeDao" class="day37_spring.crm.coursetype.dao.Impl.CourseTypeDaoImpl">
		<property name="sessionFactory" ref="sessionFactory"></property>
	</bean>

	<bean id="courseTypeService" class="day37_spring.crm.coursetype.service.Impl.CourseTypeServiceImpl">
		<property name="courseTypeDao" ref="courseTypeDao"></property>
	</bean>

</beans>
