<?xml version="1.0" encoding="UTF-8"?>
<beans xmlns="http://www.springframework.org/schema/beans"
	xmlns:xsi="http://www.w3.org/2001/XMLSchema-instance" xmlns:aop="http://www.springframework.org/schema/aop"
	xmlns:tx="http://www.springframework.org/schema/tx" xmlns:context="http://www.springframework.org/schema/context"
	xsi:schemaLocation="http://www.springframework.org/schema/beans http://www.springframework.org/schema/beans/spring-beans.xsd http://www.springframework.org/schema/tx http://www.springframework.org/schema/tx/spring-tx.xsd http://www.springframework.org/schema/aop http://www.springframework.org/schema/aop/spring-aop.xsd http://www.springframework.org/schema/context http://www.springframework.org/schema/context/spring-context.xsd">

	<bean id="staffDao" class="day37_spring.crm.staff.dao.Impl.StaffDaoImpl">
		<property name="sessionFactory" ref="sessionFactory"></property>
	</bean>
	<bean id="staffService" class="day37_spring.crm.staff.service.Impl.StaffServiceImpl">
		<property name="staffDao" ref="staffDao"></property>
	</bean>

</beans>