<?xml version="1.0" encoding="UTF-8"?>
<!DOCTYPE struts PUBLIC
	"-//Apache Software Foundation//DTD Struts Configuration 2.3//EN"
	"http://struts.apache.org/dtds/struts-2.3.dtd">
<struts>
	<package name="sta" namespace="/" extends="common">

		<action name="staffAction_*" class="day37_spring.crm.staff.web.action.StaffAction"
			method="{1}">
			<!-- 1 登录成功 -->
			<result name="success" type="redirectAction">staffAction_home</result>
			<!-- 3 首页 -->
			<result name="home">/WEB-INF/pages/frame.jsp</result>
			<result name="findAll">/WEB-INF/pages/staff/listStaff.jsp</result>
			<result name="saveOrEditUI">/WEB-INF/pages/staff/editStaff.jsp</result>
			<result name="findStaff">/WEB-INF/pages/staff/listStaff.jsp</result>
			<result name="saveOrEdit" type="redirectAction">staffAction_findAll</result>
		</action>
	</package>
</struts>
