<?xml version="1.0" encoding="UTF-8" ?>
<!DOCTYPE mapper PUBLIC "-//mybatis.org//DTD Mapper 3.0//EN" "http://mybatis.org/dtd/mybatis-3-mapper.dtd" >
<mapper namespace="cn.hlgzj.mapper.ChartMapper">
	<resultMap id="CheckRoomResultMap" type="cn.hlgzj.pojo.CheckRoom">
		<result column="bc" property="bc" jdbcType="CHAR" />
		<result column="yes" property="yes" jdbcType="CHAR" />
		<result column="note" property="note" jdbcType="VARCHAR" />
		<result column="pic" property="pic" jdbcType="VARCHAR" />
		<result column="time" property="time" jdbcType="VARCHAR" />
		<result column="grade" property="grade" jdbcType="INTEGER" />
		<result column="room_id" property="roomId" jdbcType="VARCHAR" />
		<result column="check_id" property="checkId" jdbcType="VARCHAR" />
	</resultMap>
	<resultMap id="ChartTotalResultMap" type="cn.hlgzj.vo.ChartTotal">
		<collection property="name" javaType="java.util.ArrayList"
			ofType="String">
			<result column="name" property="name" jdbcType="VARCHAR" />
		</collection>
		<collection property="checkRoom" javaType="java.util.ArrayList"
			ofType="cn.hlgzj.pojo.CheckRoom">
			<result column="bc" property="bc" jdbcType="CHAR" />
			<result column="yes" property="yes" jdbcType="CHAR" />
			<result column="note" property="note" jdbcType="VARCHAR" />
			<result column="pic" property="pic" jdbcType="VARCHAR" />
			<result column="time" property="time" jdbcType="VARCHAR" />
			<result column="grade" property="grade" jdbcType="INTEGER" />
			<result column="room_id" property="roomId" jdbcType="VARCHAR" />
			<result column="check_id" property="checkId" jdbcType="VARCHAR" />
		</collection>
	</resultMap>
	<!-- 查找CheckRoom -->
	<select id="findAllCheckRoom" resultMap="ChartTotalResultMap"
		parameterType="java.lang.String">
		SELECT * FROM `check_room` cr,`check` c WHERE
		cr.`time`=#{0} AND cr.`check_id`=#{1} AND cr.`bc`=#{2} AND
		c.`id`=cr.`check_id`
	</select>
</mapper>