<?xml version="1.0" encoding="UTF-8" ?>
<!DOCTYPE mapper PUBLIC "-//mybatis.org//DTD Mapper 3.0//EN" "http://mybatis.org/dtd/mybatis-3-mapper.dtd" >
<mapper namespace="cn.hlgzj.mapper.CheckMapper">
	<resultMap id="BaseResultMap" type="cn.hlgzj.pojo.Check">
		<id column="id" property="id" jdbcType="VARCHAR" />
		<result column="name" property="name" jdbcType="VARCHAR" />
		<result column="grade" property="grade" jdbcType="INTEGER" />
		<result column="projectid" property="projectid" jdbcType="VARCHAR" />
	</resultMap>
	<resultMap id="ManyResultMap" type="cn.hlgzj.pojo.Check">
		<id column="id" property="id" jdbcType="VARCHAR" />
		<result column="name" property="name" jdbcType="VARCHAR" />
		<result column="yes" property="yes" jdbcType="CHAR" />
		<result column="grade" property="grade" jdbcType="INTEGER" />
		<result column="note" property="note" jdbcType="VARCHAR" />
		<result column="result" property="result" jdbcType="VARCHAR" />
		<result column="pic" property="pic" jdbcType="VARCHAR" />
		<result column="projectid" property="projectid" jdbcType="VARCHAR" />
		<association property="project" javaType="cn.hlgzj.pojo.Project">
			<result column="pname" property="name" jdbcType="VARCHAR" />
		</association>
	</resultMap>
	<sql id="Example_Where_Clause">
		<where>
			<foreach collection="oredCriteria" item="criteria" separator="or">
				<if test="criteria.valid">
					<trim prefix="(" suffix=")" prefixOverrides="and">
						<foreach collection="criteria.criteria" item="criterion">
							<choose>
								<when test="criterion.noValue">
									and ${criterion.condition}
								</when>
								<when test="criterion.singleValue">
									and ${criterion.condition} #{criterion.value}
								</when>
								<when test="criterion.betweenValue">
									and ${criterion.condition} #{criterion.value}
									and
									#{criterion.secondValue}
								</when>
								<when test="criterion.listValue">
									and ${criterion.condition}
									<foreach collection="criterion.value" item="listItem"
										open="(" close=")" separator=",">
										#{listItem}
									</foreach>
								</when>
							</choose>
						</foreach>
					</trim>
				</if>
			</foreach>
		</where>
	</sql>
	<sql id="Update_By_Example_Where_Clause">
		<where>
			<foreach collection="example.oredCriteria" item="criteria"
				separator="or">
				<if test="criteria.valid">
					<trim prefix="(" suffix=")" prefixOverrides="and">
						<foreach collection="criteria.criteria" item="criterion">
							<choose>
								<when test="criterion.noValue">
									and ${criterion.condition}
								</when>
								<when test="criterion.singleValue">
									and ${criterion.condition} #{criterion.value}
								</when>
								<when test="criterion.betweenValue">
									and ${criterion.condition} #{criterion.value}
									and
									#{criterion.secondValue}
								</when>
								<when test="criterion.listValue">
									and ${criterion.condition}
									<foreach collection="criterion.value" item="listItem"
										open="(" close=")" separator=",">
										#{listItem}
									</foreach>
								</when>
							</choose>
						</foreach>
					</trim>
				</if>
			</foreach>
		</where>
	</sql>
	<sql id="Base_Column_List">
		id, name, grade, projectid
	</sql>
	<!-- 查找对应项目 -->
	<select id="findAll" resultMap="ManyResultMap">
		SELECT c.*,p.`name` pname,p.id pid FROM
		`check` c,project p WHERE c.`projectid` = p.`id` group by c.`id`+0
	</select>
	<select id="selectByExample" resultMap="BaseResultMap"
		parameterType="cn.hlgzj.pojo.CheckExample">
		select
		<if test="distinct">
			distinct
		</if>
		<include refid="Base_Column_List" />
		from check
		<if test="_parameter != null">
			<include refid="Example_Where_Clause" />
		</if>
			GROUP BY id+0
	</select>
	<select id="selectByPrimaryKey" resultMap="BaseResultMap"
		parameterType="java.lang.String">
		select
		<include refid="Base_Column_List" />
		from check
		where id = #{id,jdbcType=VARCHAR}
	</select>
	<delete id="deleteByPrimaryKey" parameterType="java.lang.String">
		delete from check
		where id = #{id,jdbcType=VARCHAR}
	</delete>
	<delete id="deleteByExample" parameterType="cn.hlgzj.pojo.CheckExample">
		delete from check
		<if test="_parameter != null">
			<include refid="Example_Where_Clause" />
		</if>
	</delete>
	<insert id="insert" parameterType="cn.hlgzj.pojo.Check">
		insert into check (id, name,
		grade,
		projectid)
		values (#{id,jdbcType=VARCHAR},
		#{name,jdbcType=VARCHAR},
		#{grade,jdbcType=INTEGER},
		#{projectid,jdbcType=VARCHAR})
	</insert>
	<insert id="insertSelective" parameterType="cn.hlgzj.pojo.Check">
		insert into check
		<trim prefix="(" suffix=")" suffixOverrides=",">
			<if test="id != null">
				id,
			</if>
			<if test="name != null">
				name,
			</if>
			<if test="grade != null">
				grade,
			</if>
			<if test="projectid != null">
				projectid,
			</if>
		</trim>
		<trim prefix="values (" suffix=")" suffixOverrides=",">
			<if test="id != null">
				#{id,jdbcType=VARCHAR},
			</if>
			<if test="name != null">
				#{name,jdbcType=VARCHAR},
			</if>
			<if test="grade != null">
				#{grade,jdbcType=INTEGER},
			</if>
			<if test="projectid != null">
				#{projectid,jdbcType=VARCHAR},
			</if>
		</trim>
	</insert>
	<select id="countByExample" parameterType="cn.hlgzj.pojo.CheckExample"
		resultType="java.lang.Integer">
		select count(*) from check
		<if test="_parameter != null">
			<include refid="Example_Where_Clause" />
		</if>
	</select>
	<update id="updateByExampleSelective" parameterType="map">
		update check
		<set>
			<if test="record.id != null">
				id = #{record.id,jdbcType=VARCHAR},
			</if>
			<if test="record.name != null">
				name = #{record.name,jdbcType=VARCHAR},
			</if>
			<if test="record.grade != null">
				grade = #{record.grade,jdbcType=INTEGER},
			</if>
			<if test="record.projectid != null">
				projectid = #{record.projectid,jdbcType=VARCHAR},
			</if>
		</set>
		<if test="_parameter != null">
			<include refid="Update_By_Example_Where_Clause" />
		</if>
	</update>
	<update id="updateByExample" parameterType="map">
		update check
		set id = #{record.id,jdbcType=VARCHAR},
		name =
		#{record.name,jdbcType=VARCHAR},
		grade =
		#{record.grade,jdbcType=INTEGER},
		projectid =
		#{record.projectid,jdbcType=VARCHAR}
		<if test="_parameter != null">
			<include refid="Update_By_Example_Where_Clause" />
		</if>
	</update>
	<update id="updateByPrimaryKeySelective" parameterType="cn.hlgzj.pojo.Check">
		update check
		<set>
			<if test="name != null">
				name = #{name,jdbcType=VARCHAR},
			</if>
			<if test="grade != null">
				grade = #{grade,jdbcType=INTEGER},
			</if>
			<if test="projectid != null">
				projectid = #{projectid,jdbcType=VARCHAR},
			</if>
		</set>
		where id = #{id,jdbcType=VARCHAR}
	</update>
	<update id="updateByPrimaryKey" parameterType="cn.hlgzj.pojo.Check">
		update check
		set
		name = #{name,jdbcType=VARCHAR},
		grade = #{grade,jdbcType=INTEGER},
		projectid = #{projectid,jdbcType=VARCHAR}
		where id =
		#{id,jdbcType=VARCHAR}
	</update>
</mapper>