<?xml version="1.0" encoding="UTF-8" ?>
<!DOCTYPE mapper PUBLIC "-//mybatis.org//DTD Mapper 3.0//EN" "http://mybatis.org/dtd/mybatis-3-mapper.dtd" >
<mapper namespace="cn.hlgzj.mapper.CheckRoomMapper" >
  <resultMap id="BaseResultMap" type="cn.hlgzj.pojo.CheckRoom" >
    <result column="bc" property="bc" jdbcType="CHAR" />
    <result column="yes" property="yes" jdbcType="CHAR" />
    <result column="note" property="note" jdbcType="VARCHAR" />
    <result column="pic" property="pic" jdbcType="VARCHAR" />
    <result column="time" property="time" jdbcType="VARCHAR" />
    <result column="grade" property="grade" jdbcType="INTEGER" />
    <result column="room_id" property="roomId" jdbcType="VARCHAR" />
    <result column="check_id" property="checkId" jdbcType="VARCHAR" />
  </resultMap>
  <sql id="Example_Where_Clause" >
    <where >
      <foreach collection="oredCriteria" item="criteria" separator="or" >
        <if test="criteria.valid" >
          <trim prefix="(" suffix=")" prefixOverrides="and" >
            <foreach collection="criteria.criteria" item="criterion" >
              <choose >
                <when test="criterion.noValue" >
                  and ${criterion.condition}
                </when>
                <when test="criterion.singleValue" >
                  and ${criterion.condition} #{criterion.value}
                </when>
                <when test="criterion.betweenValue" >
                  and ${criterion.condition} #{criterion.value} and #{criterion.secondValue}
                </when>
                <when test="criterion.listValue" >
                  and ${criterion.condition}
                  <foreach collection="criterion.value" item="listItem" open="(" close=")" separator="," >
                    #{listItem}
                  </foreach>
                </when>
              </choose>
            </foreach>
          </trim>
        </if>
      </foreach>
    </where>
  </sql>
  <sql id="Update_By_Example_Where_Clause" >
    <where >
      <foreach collection="example.oredCriteria" item="criteria" separator="or" >
        <if test="criteria.valid" >
          <trim prefix="(" suffix=")" prefixOverrides="and" >
            <foreach collection="criteria.criteria" item="criterion" >
              <choose >
                <when test="criterion.noValue" >
                  and ${criterion.condition}
                </when>
                <when test="criterion.singleValue" >
                  and ${criterion.condition} #{criterion.value}
                </when>
                <when test="criterion.betweenValue" >
                  and ${criterion.condition} #{criterion.value} and #{criterion.secondValue}
                </when>
                <when test="criterion.listValue" >
                  and ${criterion.condition}
                  <foreach collection="criterion.value" item="listItem" open="(" close=")" separator="," >
                    #{listItem}
                  </foreach>
                </when>
              </choose>
            </foreach>
          </trim>
        </if>
      </foreach>
    </where>
  </sql>
  <sql id="Base_Column_List" >
    bc, yes, note, pic, time, grade, room_id, check_id
  </sql>
  <select id="selectByExample" resultMap="BaseResultMap" parameterType="cn.hlgzj.pojo.CheckRoomExample" >
    select
    <if test="distinct" >
      distinct
    </if>
    <include refid="Base_Column_List" />
    from check_room
    <if test="_parameter != null" >
      <include refid="Example_Where_Clause" />
    </if>
    <if test="orderByClause != null" >
      order by ${orderByClause}
    </if>
  </select>
  <delete id="deleteByExample" parameterType="cn.hlgzj.pojo.CheckRoomExample" >
    delete from check_room
    <if test="_parameter != null" >
      <include refid="Example_Where_Clause" />
    </if>
  </delete>
  <insert id="insert" parameterType="cn.hlgzj.pojo.CheckRoom" >
    insert into check_room (bc, yes, note, pic, 
      time, grade, room_id, 
      check_id)
    values (#{bc,jdbcType=CHAR}, #{yes,jdbcType=CHAR}, #{note,jdbcType=VARCHAR}, #{pic,jdbcType=VARCHAR}, 
      #{time,jdbcType=VARCHAR}, #{grade,jdbcType=INTEGER}, #{roomId,jdbcType=VARCHAR}, 
      #{checkId,jdbcType=VARCHAR})
  </insert>
  <insert id="insertSelective" parameterType="cn.hlgzj.pojo.CheckRoom" >
    insert into check_room
    <trim prefix="(" suffix=")" suffixOverrides="," >
      <if test="bc != null" >
        bc,
      </if>
      <if test="yes != null" >
        yes,
      </if>
      <if test="note != null" >
        note,
      </if>
      <if test="pic != null" >
        pic,
      </if>
      <if test="time != null" >
        time,
      </if>
      <if test="grade != null" >
        grade,
      </if>
      <if test="roomId != null" >
        room_id,
      </if>
      <if test="checkId != null" >
        check_id,
      </if>
    </trim>
    <trim prefix="values (" suffix=")" suffixOverrides="," >
      <if test="bc != null" >
        #{bc,jdbcType=CHAR},
      </if>
      <if test="yes != null" >
        #{yes,jdbcType=CHAR},
      </if>
      <if test="note != null" >
        #{note,jdbcType=VARCHAR},
      </if>
      <if test="pic != null" >
        #{pic,jdbcType=VARCHAR},
      </if>
      <if test="time != null" >
        #{time,jdbcType=VARCHAR},
      </if>
      <if test="grade != null" >
        #{grade,jdbcType=INTEGER},
      </if>
      <if test="roomId != null" >
        #{roomId,jdbcType=VARCHAR},
      </if>
      <if test="checkId != null" >
        #{checkId,jdbcType=VARCHAR},
      </if>
    </trim>
  </insert>
  <select id="countByExample" parameterType="cn.hlgzj.pojo.CheckRoomExample" resultType="java.lang.Integer" >
    select count(*) from check_room
    <if test="_parameter != null" >
      <include refid="Example_Where_Clause" />
    </if>
  </select>
  <update id="updateByExampleSelective" parameterType="map" >
    update check_room
    <set >
      <if test="record.bc != null" >
        bc = #{record.bc,jdbcType=CHAR},
      </if>
      <if test="record.yes != null" >
        yes = #{record.yes,jdbcType=CHAR},
      </if>
      <if test="record.note != null" >
        note = #{record.note,jdbcType=VARCHAR},
      </if>
      <if test="record.pic != null" >
        pic = #{record.pic,jdbcType=VARCHAR},
      </if>
      <if test="record.time != null" >
        time = #{record.time,jdbcType=VARCHAR},
      </if>
      <if test="record.grade != null" >
        grade = #{record.grade,jdbcType=INTEGER},
      </if>
      <if test="record.roomId != null" >
        room_id = #{record.roomId,jdbcType=VARCHAR},
      </if>
      <if test="record.checkId != null" >
        check_id = #{record.checkId,jdbcType=VARCHAR},
      </if>
    </set>
    <if test="_parameter != null" >
      <include refid="Update_By_Example_Where_Clause" />
    </if>
  </update>
  <update id="updateByExample" parameterType="map" >
    update check_room
    set bc = #{record.bc,jdbcType=CHAR},
      yes = #{record.yes,jdbcType=CHAR},
      note = #{record.note,jdbcType=VARCHAR},
      pic = #{record.pic,jdbcType=VARCHAR},
      time = #{record.time,jdbcType=VARCHAR},
      grade = #{record.grade,jdbcType=INTEGER},
      room_id = #{record.roomId,jdbcType=VARCHAR},
      check_id = #{record.checkId,jdbcType=VARCHAR}
    <if test="_parameter != null" >
      <include refid="Update_By_Example_Where_Clause" />
    </if>
  </update>
</mapper>