<?xml version="1.0" encoding="UTF-8" ?>
<!DOCTYPE mapper PUBLIC "-//mybatis.org//DTD Mapper 3.0//EN" "http://mybatis.org/dtd/mybatis-3-mapper.dtd" >
<mapper namespace="cn.hlgzj.mapper.CircumstanceMapper" >
  <resultMap id="BaseResultMap" type="cn.hlgzj.pojo.Circumstance" >
    <result column="roomid" property="roomid" jdbcType="VARCHAR" />
    <result column="times" property="times" jdbcType="INTEGER" />
    <result column="grade" property="grade" jdbcType="INTEGER" />
    <result column="result" property="result" jdbcType="VARCHAR" />
    <result column="begintime" property="begintime" jdbcType="VARCHAR" />
    <result column="kf" property="kf" jdbcType="INTEGER" />
  </resultMap>
  <sql id="Example_Where_Clause" >
    <where >
      <foreach collection="oredCriteria" item="criteria" separator="or" >
        <if test="criteria.valid" >
          <trim prefix="(" suffix=")" prefixOverrides="and" >
            <foreach collection="criteria.criteria" item="criterion" >
              <choose >
                <when test="criterion.noValue" >
                  and ${criterion.condition}
                </when>
                <when test="criterion.singleValue" >
                  and ${criterion.condition} #{criterion.value}
                </when>
                <when test="criterion.betweenValue" >
                  and ${criterion.condition} #{criterion.value} and #{criterion.secondValue}
                </when>
                <when test="criterion.listValue" >
                  and ${criterion.condition}
                  <foreach collection="criterion.value" item="listItem" open="(" close=")" separator="," >
                    #{listItem}
                  </foreach>
                </when>
              </choose>
            </foreach>
          </trim>
        </if>
      </foreach>
    </where>
  </sql>
  <sql id="Update_By_Example_Where_Clause" >
    <where >
      <foreach collection="example.oredCriteria" item="criteria" separator="or" >
        <if test="criteria.valid" >
          <trim prefix="(" suffix=")" prefixOverrides="and" >
            <foreach collection="criteria.criteria" item="criterion" >
              <choose >
                <when test="criterion.noValue" >
                  and ${criterion.condition}
                </when>
                <when test="criterion.singleValue" >
                  and ${criterion.condition} #{criterion.value}
                </when>
                <when test="criterion.betweenValue" >
                  and ${criterion.condition} #{criterion.value} and #{criterion.secondValue}
                </when>
                <when test="criterion.listValue" >
                  and ${criterion.condition}
                  <foreach collection="criterion.value" item="listItem" open="(" close=")" separator="," >
                    #{listItem}
                  </foreach>
                </when>
              </choose>
            </foreach>
          </trim>
        </if>
      </foreach>
    </where>
  </sql>
  <sql id="Base_Column_List" >
    roomid, times, grade, result, begintime, kf
  </sql>
  <select id="selectByExample" resultMap="BaseResultMap" parameterType="cn.hlgzj.pojo.CircumstanceExample" >
    select
    <if test="distinct" >
      distinct
    </if>
    <include refid="Base_Column_List" />
    from circumstance
    <if test="_parameter != null" >
      <include refid="Example_Where_Clause" />
    </if>
    <if test="orderByClause != null" >
      order by ${orderByClause}
    </if>
  </select>
  <delete id="deleteByExample" parameterType="cn.hlgzj.pojo.CircumstanceExample" >
    delete from circumstance
    <if test="_parameter != null" >
      <include refid="Example_Where_Clause" />
    </if>
  </delete>
  <insert id="insert" parameterType="cn.hlgzj.pojo.Circumstance" >
    insert into circumstance (roomid, times, grade, 
      result, begintime, kf
      )
    values (#{roomid,jdbcType=VARCHAR}, #{times,jdbcType=INTEGER}, #{grade,jdbcType=INTEGER}, 
      #{result,jdbcType=VARCHAR}, #{begintime,jdbcType=VARCHAR}, #{kf,jdbcType=INTEGER}
      )
  </insert>
  <insert id="insertSelective" parameterType="cn.hlgzj.pojo.Circumstance" >
    insert into circumstance
    <trim prefix="(" suffix=")" suffixOverrides="," >
      <if test="roomid != null" >
        roomid,
      </if>
      <if test="times != null" >
        times,
      </if>
      <if test="grade != null" >
        grade,
      </if>
      <if test="result != null" >
        result,
      </if>
      <if test="begintime != null" >
        begintime,
      </if>
      <if test="kf != null" >
        kf,
      </if>
    </trim>
    <trim prefix="values (" suffix=")" suffixOverrides="," >
      <if test="roomid != null" >
        #{roomid,jdbcType=VARCHAR},
      </if>
      <if test="times != null" >
        #{times,jdbcType=INTEGER},
      </if>
      <if test="grade != null" >
        #{grade,jdbcType=INTEGER},
      </if>
      <if test="result != null" >
        #{result,jdbcType=VARCHAR},
      </if>
      <if test="begintime != null" >
        #{begintime,jdbcType=VARCHAR},
      </if>
      <if test="kf != null" >
        #{kf,jdbcType=INTEGER},
      </if>
    </trim>
  </insert>
  <select id="countByExample" parameterType="cn.hlgzj.pojo.CircumstanceExample" resultType="java.lang.Integer" >
    select count(*) from circumstance
    <if test="_parameter != null" >
      <include refid="Example_Where_Clause" />
    </if>
  </select>
  <update id="updateByExampleSelective" parameterType="map" >
    update circumstance
    <set >
      <if test="record.roomid != null" >
        roomid = #{record.roomid,jdbcType=VARCHAR},
      </if>
      <if test="record.times != null" >
        times = #{record.times,jdbcType=INTEGER},
      </if>
      <if test="record.grade != null" >
        grade = #{record.grade,jdbcType=INTEGER},
      </if>
      <if test="record.result != null" >
        result = #{record.result,jdbcType=VARCHAR},
      </if>
      <if test="record.begintime != null" >
        begintime = #{record.begintime,jdbcType=VARCHAR},
      </if>
      <if test="record.kf != null" >
        kf = #{record.kf,jdbcType=INTEGER},
      </if>
    </set>
    <if test="_parameter != null" >
      <include refid="Update_By_Example_Where_Clause" />
    </if>
  </update>
  <update id="updateByExample" parameterType="map" >
    update circumstance
    set roomid = #{record.roomid,jdbcType=VARCHAR},
      times = #{record.times,jdbcType=INTEGER},
      grade = #{record.grade,jdbcType=INTEGER},
      result = #{record.result,jdbcType=VARCHAR},
      begintime = #{record.begintime,jdbcType=VARCHAR},
      kf = #{record.kf,jdbcType=INTEGER}
    <if test="_parameter != null" >
      <include refid="Update_By_Example_Where_Clause" />
    </if>
  </update>
</mapper>