<?xml version="1.0" encoding="UTF-8" ?>
<!DOCTYPE mapper PUBLIC "-//mybatis.org//DTD Mapper 3.0//EN" "http://mybatis.org/dtd/mybatis-3-mapper.dtd" >
<mapper namespace="cn.hlgzj.mapper.DetailMapper">
	<resultMap id="ProjectResultMap" type="cn.hlgzj.pojo.Project">
		<id column="id" property="id" jdbcType="VARCHAR" />
		<result column="name" property="name" jdbcType="VARCHAR" />
	</resultMap>
	<resultMap id="RoomResultMap" type="cn.hlgzj.pojo.Room">
		<id column="id" property="id" jdbcType="VARCHAR" />
		<result column="name" property="name" jdbcType="VARCHAR" />
	</resultMap>
	<resultMap id="CheckResultMap" type="cn.hlgzj.pojo.Check">
		<id column="id" property="id" jdbcType="VARCHAR" />
		<result column="name" property="name" jdbcType="VARCHAR" />
		<result column="yes" property="yes" jdbcType="CHAR" />
		<result column="grade" property="grade" jdbcType="INTEGER" />
		<result column="note" property="note" jdbcType="VARCHAR" />
		<result column="result" property="result" jdbcType="VARCHAR" />
		<result column="pic" property="pic" jdbcType="VARCHAR" />
		<result column="projectid" property="projectid" jdbcType="VARCHAR" />
		<association property="project" javaType="cn.hlgzj.pojo.Project">
			<result column="pname" property="name" jdbcType="VARCHAR" />
		</association>
	</resultMap>
	<resultMap id="CheckRoomResultMap" type="cn.hlgzj.pojo.CheckRoom">
		<result column="bc" property="bc" jdbcType="CHAR" />
		<result column="yes" property="yes" jdbcType="CHAR" />
		<result column="note" property="note" jdbcType="VARCHAR" />
		<result column="pic" property="pic" jdbcType="VARCHAR" />
		<result column="time" property="time" jdbcType="VARCHAR" />
		<result column="grade" property="grade" jdbcType="INTEGER" />
		<result column="room_id" property="roomId" jdbcType="VARCHAR" />
		<result column="check_id" property="checkId" jdbcType="VARCHAR" />
	</resultMap>
	<resultMap id="QuestionResultMap" type="cn.hlgzj.vo.Question">
		<result column="name" property="name" jdbcType="VARCHAR" />
		<association property="checkRoom" javaType="cn.hlgzj.pojo.CheckRoom">
			<result column="bc" property="bc" jdbcType="CHAR" />
			<result column="yes" property="yes" jdbcType="CHAR" />
			<result column="note" property="note" jdbcType="VARCHAR" />
			<result column="pic" property="pic" jdbcType="VARCHAR" />
			<result column="time" property="time" jdbcType="VARCHAR" />
			<result column="grade" property="grade" jdbcType="INTEGER" />
			<result column="room_id" property="roomId" jdbcType="VARCHAR" />
			<result column="check_id" property="checkId" jdbcType="VARCHAR" />
		</association>
	</resultMap>
	<resultMap id="CircumstanceRoomResultMap" type="cn.hlgzj.pojo.Circumstance">
		<result column="roomid" property="roomid" jdbcType="VARCHAR" />
		<result column="times" property="times" jdbcType="INTEGER" />
		<result column="grade" property="grade" jdbcType="INTEGER" />
		<result column="result" property="result" jdbcType="VARCHAR" />
		<result column="begintime" property="begintime" jdbcType="VARCHAR" />
		<result column="kf" property="kf" jdbcType="INTEGER" />
	</resultMap>
	<!-- 查找所有项目 -->
	<select id="findProject" resultMap="ProjectResultMap">
		SELECT * FROM project GROUP
		BY id+0;
	</select>
	<!-- 查找所有项目Id -->
	<select id="findProjectId" resultMap="ProjectResultMap"
		parameterType="java.lang.String">
		SELECT * FROM project where
		id= #{value} GROUP
		BY id+0;
	</select>
	<!-- 查找所有科室 -->
	<select id="findRoom" resultMap="RoomResultMap" parameterType="java.lang.String">
		select *
		from room
		where id = #{id,jdbcType=VARCHAR}
	</select>
	<!-- 查找所有标准要求 -->
	<select id="findCheck" resultMap="CheckResultMap" parameterType="java.lang.String">
		SELECT c.* FROM `check` c,project p WHERE
		c.`projectid` = #{value}
		GROUP BY
		c.`id`+0
	</select>
	<!-- 查找CheckRoom -->
	<select id="findCheckRoom" resultMap="CheckRoomResultMap"
		parameterType="java.lang.String">
		SELECT DISTINCT cr.* FROM `check` c,`project`
		p,`check_room` cr,`room` r
		WHERE c.`projectid`=p.`id` AND p.`id`=#{0}
		AND cr.`check_id`=c.`id` AND
		cr.`bc`=#{1} AND cr.`time`=#{2} AND
		r.`id`=cr.`room_id` AND
		r.`id`=#{3} GROUP BY c.`id`+0;
	</select>
	<!-- 查找存在问题 -->
	<select id="findCheckErrorkRoom" resultMap="QuestionResultMap"
		parameterType="java.lang.String">
		SELECT * FROM `check_room`,`check` WHERE yes='0' AND
		room_id
		=#{0} AND TIME
		=#{1} AND bc=#{2} AND `check`.`id` =
		`check_room`.`check_id` GROUP BY check_id+0
	</select>
	<!-- 查找具体情况 -->
	<select id="findCircumstance" resultMap="CircumstanceRoomResultMap"
		parameterType="java.lang.String">
		SELECT * FROM `circumstance` WHERE roomid=#{0} AND
		begintime = #{1} AND times=#{2}
	</select>
</mapper>