<?xml version="1.0" encoding="UTF-8" ?>
<!DOCTYPE mapper PUBLIC "-//mybatis.org//DTD Mapper 3.0//EN" "http://mybatis.org/dtd/mybatis-3-mapper.dtd" >
<mapper namespace="cn.hlgzj.mapper.ExportXlsMapper">
	<resultMap id="BaseResultMap" type="cn.hlgzj.pojo.Room">
		<id column="id" property="id" jdbcType="VARCHAR" />
		<result column="name" property="name" jdbcType="VARCHAR" />
	</resultMap>
	<resultMap id="ExportXlsResultMap" type="cn.hlgzj.vo.ExportXls">
		<result column="name" property="name" jdbcType="VARCHAR" />
		<association property="circumstance" javaType="cn.hlgzj.pojo.Circumstance">
			<result column="roomid" property="roomid" jdbcType="VARCHAR" />
			<result column="times" property="times" jdbcType="INTEGER" />
			<result column="grade" property="grade" jdbcType="INTEGER" />
			<result column="result" property="result" jdbcType="VARCHAR" />
			<result column="begintime" property="begintime" jdbcType="VARCHAR" />
			<result column="kf" property="kf" jdbcType="INTEGER" />
		</association>
	</resultMap>
	<!-- 导出 -->
	<select id="findAllExportXls" resultMap="ExportXlsResultMap"
		parameterType="java.lang.String">
		SELECT * FROM `room` r,`circumstance` c WHERE
		r.`id`=c.`roomid` AND r.`id`=#{0} AND c.`begintime`=#{1} AND
		c.`times`=#{2}
	</select>
	<!-- 找出科室 -->
	<select id="findRoom" resultMap="BaseResultMap">
		select * from room group by id+0
	</select>
</mapper>