<?xml version="1.0" encoding="UTF-8" ?>
<!DOCTYPE mapper PUBLIC "-//mybatis.org//DTD Mapper 3.0//EN" "http://mybatis.org/dtd/mybatis-3-mapper.dtd" >
<mapper namespace="cn.hlgzj.mapper.Project_Check_Mapper">
	<resultMap id="BaseResultMap" type="cn.hlgzj.pojo.Check">
		<result column="name" property="name" jdbcType="VARCHAR" />
		<result column="yes" property="yes" jdbcType="CHAR" />
	</resultMap>
	<sql id="Example_Where_Clause">
		<where>
			<foreach collection="oredCriteria" item="criteria" separator="or">
				<if test="criteria.valid">
					<trim prefix="(" suffix=")" prefixOverrides="and">
						<foreach collection="criteria.criteria" item="criterion">
							<choose>
								<when test="criterion.noValue">
									and ${criterion.condition}
								</when>
								<when test="criterion.singleValue">
									and ${criterion.condition} #{criterion.value}
								</when>
								<when test="criterion.betweenValue">
									and ${criterion.condition} #{criterion.value} and
									#{criterion.secondValue}
								</when>
								<when test="criterion.listValue">
									and ${criterion.condition}
									<foreach collection="criterion.value" item="listItem"
										open="(" close=")" separator=",">
										#{listItem}
									</foreach>
								</when>
							</choose>
						</foreach>
					</trim>
				</if>
			</foreach>
		</where>
	</sql>
	<sql id="Update_By_Example_Where_Clause">
		<where>
			<foreach collection="example.oredCriteria" item="criteria"
				separator="or">
				<if test="criteria.valid">
					<trim prefix="(" suffix=")" prefixOverrides="and">
						<foreach collection="criteria.criteria" item="criterion">
							<choose>
								<when test="criterion.noValue">
									and ${criterion.condition}
								</when>
								<when test="criterion.singleValue">
									and ${criterion.condition} #{criterion.value}
								</when>
								<when test="criterion.betweenValue">
									and ${criterion.condition} #{criterion.value} and
									#{criterion.secondValue}
								</when>
								<when test="criterion.listValue">
									and ${criterion.condition}
									<foreach collection="criterion.value" item="listItem"
										open="(" close=")" separator=",">
										#{listItem}
									</foreach>
								</when>
							</choose>
						</foreach>
					</trim>
				</if>
			</foreach>
		</where>
	</sql>
	<sql id="Base_Column_List">
		id, name, yes, grade, note, result, pic, projectid
	</sql>
	<select id="selectByExample" resultMap="BaseResultMap"
		parameterType="cn.hlgzj.pojo.CheckExample">
		select
		<if test="distinct">
			distinct
		</if>
		<include refid="Base_Column_List" />
		from check
		<if test="_parameter != null">
			<include refid="Example_Where_Clause" />
		</if>
		<if test="orderByClause != null">
			order by ${orderByClause}
		</if>
	</select>
	<select id="selectByPrimaryKey" resultMap="BaseResultMap"
		parameterType="java.lang.String">
		select
		<include refid="Base_Column_List" />
		from check
		where id = #{id,jdbcType=VARCHAR}
	</select>
	<delete id="deleteByPrimaryKey" parameterType="java.lang.String">
		delete from check
		where id = #{id,jdbcType=VARCHAR}
	</delete>
	<delete id="deleteByExample" parameterType="cn.hlgzj.pojo.CheckExample">
		delete from check
		<if test="_parameter != null">
			<include refid="Example_Where_Clause" />
		</if>
	</delete>
	<insert id="insert" parameterType="cn.hlgzj.pojo.Check">
		insert into check (id, name, yes, grade,
		note, result, pic,
		projectid)
		values (#{id,jdbcType=VARCHAR}, #{name,jdbcType=VARCHAR},
		#{yes,jdbcType=CHAR}, #{grade,jdbcType=INTEGER},
		#{note,jdbcType=VARCHAR}, #{result,jdbcType=VARCHAR},
		#{pic,jdbcType=VARCHAR},
		#{projectid,jdbcType=VARCHAR})
	</insert>
	<insert id="insertSelective" parameterType="cn.hlgzj.pojo.Check">
		insert into check
		<trim prefix="(" suffix=")" suffixOverrides=",">
			<if test="id != null">
				id,
			</if>
			<if test="name != null">
				name,
			</if>
			<if test="yes != null">
				yes,
			</if>
			<if test="grade != null">
				grade,
			</if>
			<if test="note != null">
				note,
			</if>
			<if test="result != null">
				result,
			</if>
			<if test="pic != null">
				pic,
			</if>
			<if test="projectid != null">
				projectid,
			</if>
		</trim>
		<trim prefix="values (" suffix=")" suffixOverrides=",">
			<if test="id != null">
				#{id,jdbcType=VARCHAR},
			</if>
			<if test="name != null">
				#{name,jdbcType=VARCHAR},
			</if>
			<if test="yes != null">
				#{yes,jdbcType=CHAR},
			</if>
			<if test="grade != null">
				#{grade,jdbcType=INTEGER},
			</if>
			<if test="note != null">
				#{note,jdbcType=VARCHAR},
			</if>
			<if test="result != null">
				#{result,jdbcType=VARCHAR},
			</if>
			<if test="pic != null">
				#{pic,jdbcType=VARCHAR},
			</if>
			<if test="projectid != null">
				#{projectid,jdbcType=VARCHAR},
			</if>
		</trim>
	</insert>
	<select id="countByExample" parameterType="cn.hlgzj.pojo.CheckExample"
		resultType="java.lang.Integer">
		select count(*) from check
		<if test="_parameter != null">
			<include refid="Example_Where_Clause" />
		</if>
	</select>
	<update id="updateByExampleSelective" parameterType="map">
		update check
		<set>
			<if test="record.id != null">
				id = #{record.id,jdbcType=VARCHAR},
			</if>
			<if test="record.name != null">
				name = #{record.name,jdbcType=VARCHAR},
			</if>
			<if test="record.yes != null">
				yes = #{record.yes,jdbcType=CHAR},
			</if>
			<if test="record.grade != null">
				grade = #{record.grade,jdbcType=INTEGER},
			</if>
			<if test="record.note != null">
				note = #{record.note,jdbcType=VARCHAR},
			</if>
			<if test="record.result != null">
				result = #{record.result,jdbcType=VARCHAR},
			</if>
			<if test="record.pic != null">
				pic = #{record.pic,jdbcType=VARCHAR},
			</if>
			<if test="record.projectid != null">
				projectid = #{record.projectid,jdbcType=VARCHAR},
			</if>
		</set>
		<if test="_parameter != null">
			<include refid="Update_By_Example_Where_Clause" />
		</if>
	</update>
	<update id="updateByExample" parameterType="map">
		update check
		set id = #{record.id,jdbcType=VARCHAR},
		name = #{record.name,jdbcType=VARCHAR},
		yes = #{record.yes,jdbcType=CHAR},
		grade = #{record.grade,jdbcType=INTEGER},
		note = #{record.note,jdbcType=VARCHAR},
		result = #{record.result,jdbcType=VARCHAR},
		pic = #{record.pic,jdbcType=VARCHAR},
		projectid = #{record.projectid,jdbcType=VARCHAR}
		<if test="_parameter != null">
			<include refid="Update_By_Example_Where_Clause" />
		</if>
	</update>
	<update id="updateByPrimaryKeySelective" parameterType="cn.hlgzj.pojo.Check">
		update check
		<set>
			<if test="name != null">
				name = #{name,jdbcType=VARCHAR},
			</if>
			<if test="yes != null">
				yes = #{yes,jdbcType=CHAR},
			</if>
			<if test="grade != null">
				grade = #{grade,jdbcType=INTEGER},
			</if>
			<if test="note != null">
				note = #{note,jdbcType=VARCHAR},
			</if>
			<if test="result != null">
				result = #{result,jdbcType=VARCHAR},
			</if>
			<if test="pic != null">
				pic = #{pic,jdbcType=VARCHAR},
			</if>
			<if test="projectid != null">
				projectid = #{projectid,jdbcType=VARCHAR},
			</if>
		</set>
		where id = #{id,jdbcType=VARCHAR}
	</update>
	<update id="updateByPrimaryKey" parameterType="cn.hlgzj.pojo.Check">
		update check
		set name = #{name,jdbcType=VARCHAR},
		yes = #{yes,jdbcType=CHAR},
		grade = #{grade,jdbcType=INTEGER},
		note = #{note,jdbcType=VARCHAR},
		result = #{result,jdbcType=VARCHAR},
		pic = #{pic,jdbcType=VARCHAR},
		projectid = #{projectid,jdbcType=VARCHAR}
		where id = #{id,jdbcType=VARCHAR}
	</update>
</mapper>