<?xml version="1.0" encoding="UTF-8" ?>
<!DOCTYPE mapper PUBLIC "-//mybatis.org//DTD Mapper 3.0//EN" "http://mybatis.org/dtd/mybatis-3-mapper.dtd" >
<mapper namespace="cn.hlgzj.mapper.RoomTimeMapper">
	<resultMap id="BaseResultMap" type="cn.hlgzj.pojo.RoomTime">
		<id column="id" property="id" jdbcType="VARCHAR" />
		<result column="roomid" property="roomid" jdbcType="VARCHAR" />
		<result column="night" property="night" jdbcType="CHAR" />
		<result column="moodmight" property="moodmight" jdbcType="CHAR" />
		<result column="today" property="today" jdbcType="VARCHAR" />
	</resultMap>
	<resultMap id="ManyResultMap" type="cn.hlgzj.pojo.RoomTime">
		<id column="id" property="id" jdbcType="VARCHAR" />
		<result column="roomid" property="roomid" jdbcType="VARCHAR" />
		<result column="night" property="night" jdbcType="CHAR" />
		<result column="moodmight" property="moodmight" jdbcType="CHAR" />
		<result column="today" property="today" jdbcType="VARCHAR" />
		<association property="room" javaType="cn.hlgzj.pojo.Room">
			<result column="name" property="name" jdbcType="VARCHAR" />
		</association>
	</resultMap>
	<sql id="Example_Where_Clause">
		<where>
			<foreach collection="oredCriteria" item="criteria" separator="or">
				<if test="criteria.valid">
					<trim prefix="(" suffix=")" prefixOverrides="and">
						<foreach collection="criteria.criteria" item="criterion">
							<choose>
								<when test="criterion.noValue">
									and ${criterion.condition}
								</when>
								<when test="criterion.singleValue">
									and ${criterion.condition} #{criterion.value}
								</when>
								<when test="criterion.betweenValue">
									and ${criterion.condition} #{criterion.value}
									and
									#{criterion.secondValue}
								</when>
								<when test="criterion.listValue">
									and ${criterion.condition}
									<foreach collection="criterion.value" item="listItem"
										open="(" close=")" separator=",">
										#{listItem}
									</foreach>
								</when>
							</choose>
						</foreach>
					</trim>
				</if>
			</foreach>
		</where>
	</sql>
	<sql id="Update_By_Example_Where_Clause">
		<where>
			<foreach collection="example.oredCriteria" item="criteria"
				separator="or">
				<if test="criteria.valid">
					<trim prefix="(" suffix=")" prefixOverrides="and">
						<foreach collection="criteria.criteria" item="criterion">
							<choose>
								<when test="criterion.noValue">
									and ${criterion.condition}
								</when>
								<when test="criterion.singleValue">
									and ${criterion.condition} #{criterion.value}
								</when>
								<when test="criterion.betweenValue">
									and ${criterion.condition} #{criterion.value}
									and
									#{criterion.secondValue}
								</when>
								<when test="criterion.listValue">
									and ${criterion.condition}
									<foreach collection="criterion.value" item="listItem"
										open="(" close=")" separator=",">
										#{listItem}
									</foreach>
								</when>
							</choose>
						</foreach>
					</trim>
				</if>
			</foreach>
		</where>
	</sql>
	<sql id="Base_Column_List">
		id, roomid, night, moodmight, today
	</sql>
	<select id="selectByExample" resultMap="BaseResultMap"
		parameterType="cn.hlgzj.pojo.RoomTimeExample">
		select
		<if test="distinct">
			distinct
		</if>
		<include refid="Base_Column_List" />
		from room_time
		<if test="_parameter != null">
			<include refid="Example_Where_Clause" />
		</if>
		<if test="orderByClause != null">
			order by ${orderByClause}
		</if>
	</select>
	<!-- 查找所有 -->
	<select id="findAll" resultMap="ManyResultMap" parameterType="java.lang.String">
		SELECT rt.*,r.`name` FROM `room_time` rt,`room` r WHERE
		rt.`roomid`=r.`id` AND today = #{value} GROUP BY roomid+0
	</select>
	<select id="selectByPrimaryKey" resultMap="BaseResultMap"
		parameterType="java.lang.String">
		select
		<include refid="Base_Column_List" />
		from room_time
		where id = #{id,jdbcType=VARCHAR}
	</select>
	<delete id="deleteByPrimaryKey" parameterType="java.lang.String">
		delete from
		room_time
		where id = #{id,jdbcType=VARCHAR}
	</delete>
	<delete id="deleteByExample" parameterType="cn.hlgzj.pojo.RoomTimeExample">
		delete from room_time
		<if test="_parameter != null">
			<include refid="Example_Where_Clause" />
		</if>
	</delete>
	<insert id="insert" parameterType="cn.hlgzj.pojo.RoomTime">
		insert into room_time (id,
		roomid, night,
		moodmight, today)
		values (#{id,jdbcType=VARCHAR},
		#{roomid,jdbcType=VARCHAR},
		#{night,jdbcType=CHAR},
		#{moodmight,jdbcType=CHAR}, #{today,jdbcType=VARCHAR})
	</insert>
	<insert id="insertSelective" parameterType="cn.hlgzj.pojo.RoomTime">
		insert into room_time
		<trim prefix="(" suffix=")" suffixOverrides=",">
			<if test="id != null">
				id,
			</if>
			<if test="roomid != null">
				roomid,
			</if>
			<if test="night != null">
				night,
			</if>
			<if test="moodmight != null">
				moodmight,
			</if>
			<if test="today != null">
				today,
			</if>
		</trim>
		<trim prefix="values (" suffix=")" suffixOverrides=",">
			<if test="id != null">
				#{id,jdbcType=VARCHAR},
			</if>
			<if test="roomid != null">
				#{roomid,jdbcType=VARCHAR},
			</if>
			<if test="night != null">
				#{night,jdbcType=CHAR},
			</if>
			<if test="moodmight != null">
				#{moodmight,jdbcType=CHAR},
			</if>
			<if test="today != null">
				#{today,jdbcType=VARCHAR},
			</if>
		</trim>
	</insert>
	<select id="countByExample" parameterType="cn.hlgzj.pojo.RoomTimeExample"
		resultType="java.lang.Integer">
		select count(*) from room_time
		<if test="_parameter != null">
			<include refid="Example_Where_Clause" />
		</if>
	</select>
	<update id="updateByExampleSelective" parameterType="map">
		update room_time
		<set>
			<if test="record.id != null">
				id = #{record.id,jdbcType=VARCHAR},
			</if>
			<if test="record.roomid != null">
				roomid = #{record.roomid,jdbcType=VARCHAR},
			</if>
			<if test="record.night != null">
				night = #{record.night,jdbcType=CHAR},
			</if>
			<if test="record.moodmight != null">
				moodmight = #{record.moodmight,jdbcType=CHAR},
			</if>
			<if test="record.today != null">
				today = #{record.today,jdbcType=VARCHAR},
			</if>
		</set>
		<if test="_parameter != null">
			<include refid="Update_By_Example_Where_Clause" />
		</if>
	</update>
	<update id="updateByExample" parameterType="map">
		update room_time
		set id = #{record.id,jdbcType=VARCHAR},
		roomid =
		#{record.roomid,jdbcType=VARCHAR},
		night =
		#{record.night,jdbcType=CHAR},
		moodmight =
		#{record.moodmight,jdbcType=CHAR},
		today =
		#{record.today,jdbcType=VARCHAR}
		<if test="_parameter != null">
			<include refid="Update_By_Example_Where_Clause" />
		</if>
	</update>
	<update id="updateByPrimaryKeySelective" parameterType="cn.hlgzj.pojo.RoomTime">
		update room_time
		<set>
			<if test="roomid != null">
				roomid = #{roomid,jdbcType=VARCHAR},
			</if>
			<if test="night != null">
				night = #{night,jdbcType=CHAR},
			</if>
			<if test="moodmight != null">
				moodmight = #{moodmight,jdbcType=CHAR},
			</if>
			<if test="today != null">
				today = #{today,jdbcType=VARCHAR},
			</if>
		</set>
		where id = #{id,jdbcType=VARCHAR}
	</update>
	<update id="updateByPrimaryKey" parameterType="cn.hlgzj.pojo.RoomTime">
		update room_time
		set roomid = #{roomid,jdbcType=VARCHAR},
		night =
		#{night,jdbcType=CHAR},
		moodmight = #{moodmight,jdbcType=CHAR},
		today =
		#{today,jdbcType=VARCHAR}
		where id = #{id,jdbcType=VARCHAR}
	</update>
</mapper>