<?xml version="1.0" encoding="UTF-8" ?>
<!DOCTYPE mapper PUBLIC "-//mybatis.org//DTD Mapper 3.0//EN" "http://mybatis.org/dtd/mybatis-3-mapper.dtd" >
<mapper namespace="cn.hlgzj.mapper.RoomCheckMapper">
	<resultMap id="BaseResultMap" type="cn.hlgzj.pojo.RoomCheck">
		<id column="id" property="id" jdbcType="VARCHAR" />
		<result column="room_id" property="roomId" jdbcType="VARCHAR" />
		<result column="check_id" property="checkId" jdbcType="VARCHAR" />
	</resultMap>
	<sql id="Example_Where_Clause">
		<where>
			<foreach collection="oredCriteria" item="criteria" separator="or">
				<if test="criteria.valid">
					<trim prefix="(" suffix=")" prefixOverrides="and">
						<foreach collection="criteria.criteria" item="criterion">
							<choose>
								<when test="criterion.noValue">
									and ${criterion.condition}
								</when>
								<when test="criterion.singleValue">
									and ${criterion.condition} #{criterion.value}
								</when>
								<when test="criterion.betweenValue">
									and ${criterion.condition} #{criterion.value} and
									#{criterion.secondValue}
								</when>
								<when test="criterion.listValue">
									and ${criterion.condition}
									<foreach collection="criterion.value" item="listItem"
										open="(" close=")" separator=",">
										#{listItem}
									</foreach>
								</when>
							</choose>
						</foreach>
					</trim>
				</if>
			</foreach>
		</where>
	</sql>
	<sql id="Update_By_Example_Where_Clause">
		<where>
			<foreach collection="example.oredCriteria" item="criteria"
				separator="or">
				<if test="criteria.valid">
					<trim prefix="(" suffix=")" prefixOverrides="and">
						<foreach collection="criteria.criteria" item="criterion">
							<choose>
								<when test="criterion.noValue">
									and ${criterion.condition}
								</when>
								<when test="criterion.singleValue">
									and ${criterion.condition} #{criterion.value}
								</when>
								<when test="criterion.betweenValue">
									and ${criterion.condition} #{criterion.value} and
									#{criterion.secondValue}
								</when>
								<when test="criterion.listValue">
									and ${criterion.condition}
									<foreach collection="criterion.value" item="listItem"
										open="(" close=")" separator=",">
										#{listItem}
									</foreach>
								</when>
							</choose>
						</foreach>
					</trim>
				</if>
			</foreach>
		</where>
	</sql>
	<sql id="Base_Column_List">
		id, room_id, check_id
	</sql>
	<select id="selectByExample" resultMap="BaseResultMap"
		parameterType="cn.hlgzj.pojo.RoomCheckExample">
		select
		<if test="distinct">
			distinct
		</if>
		<include refid="Base_Column_List" />
		from room_check
		<if test="_parameter != null">
			<include refid="Example_Where_Clause" />
		</if>
		GROUP BY id+0
	</select>
	<select id="selectByPrimaryKey" resultMap="BaseResultMap"
		parameterType="java.lang.String">
		select
		<include refid="Base_Column_List" />
		from room_check
		where id = #{id,jdbcType=VARCHAR}
	</select>
	<delete id="deleteByPrimaryKey" parameterType="java.lang.String">
		delete from room_check
		where id = #{id,jdbcType=VARCHAR}
	</delete>
	<delete id="deleteByExample" parameterType="cn.hlgzj.pojo.RoomCheckExample">
		delete from room_check
		<if test="_parameter != null">
			<include refid="Example_Where_Clause" />
		</if>
	</delete>
	<insert id="insert" parameterType="cn.hlgzj.pojo.RoomCheck">
		insert into room_check (id, room_id, check_id
		)
		values (#{id,jdbcType=VARCHAR}, #{roomId,jdbcType=VARCHAR},
		#{checkId,jdbcType=VARCHAR}
		)
	</insert>
	<insert id="insertSelective" parameterType="cn.hlgzj.pojo.RoomCheck">
		insert into room_check
		<trim prefix="(" suffix=")" suffixOverrides=",">
			<if test="id != null">
				id,
			</if>
			<if test="roomId != null">
				room_id,
			</if>
			<if test="checkId != null">
				check_id,
			</if>
		</trim>
		<trim prefix="values (" suffix=")" suffixOverrides=",">
			<if test="id != null">
				#{id,jdbcType=VARCHAR},
			</if>
			<if test="roomId != null">
				#{roomId,jdbcType=VARCHAR},
			</if>
			<if test="checkId != null">
				#{checkId,jdbcType=VARCHAR},
			</if>
		</trim>
	</insert>
	<select id="countByExample" parameterType="cn.hlgzj.pojo.RoomCheckExample"
		resultType="java.lang.Integer">
		select count(*) from room_check
		<if test="_parameter != null">
			<include refid="Example_Where_Clause" />
		</if>
	</select>
	<update id="updateByExampleSelective" parameterType="map">
		update room_check
		<set>
			<if test="record.id != null">
				id = #{record.id,jdbcType=VARCHAR},
			</if>
			<if test="record.roomId != null">
				room_id = #{record.roomId,jdbcType=VARCHAR},
			</if>
			<if test="record.checkId != null">
				check_id = #{record.checkId,jdbcType=VARCHAR},
			</if>
		</set>
		<if test="_parameter != null">
			<include refid="Update_By_Example_Where_Clause" />
		</if>
	</update>
	<update id="updateByExample" parameterType="map">
		update room_check
		set id = #{record.id,jdbcType=VARCHAR},
		room_id = #{record.roomId,jdbcType=VARCHAR},
		check_id = #{record.checkId,jdbcType=VARCHAR}
		<if test="_parameter != null">
			<include refid="Update_By_Example_Where_Clause" />
		</if>
	</update>
	<update id="updateByPrimaryKeySelective" parameterType="cn.hlgzj.pojo.RoomCheck">
		update room_check
		<set>
			<if test="roomId != null">
				room_id = #{roomId,jdbcType=VARCHAR},
			</if>
			<if test="checkId != null">
				check_id = #{checkId,jdbcType=VARCHAR},
			</if>
		</set>
		where id = #{id,jdbcType=VARCHAR}
	</update>
	<update id="updateByPrimaryKey" parameterType="cn.hlgzj.pojo.RoomCheck">
		update room_check
		set room_id = #{roomId,jdbcType=VARCHAR},
		check_id = #{checkId,jdbcType=VARCHAR}
		where id = #{id,jdbcType=VARCHAR}
	</update>
</mapper>