<?xml version="1.0" encoding="UTF-8"?>
<!DOCTYPE hibernate-mapping PUBLIC 
    "-//Hibernate/Hibernate Mapping DTD 3.0//EN"
    "http://www.hibernate.org/dtd/hibernate-mapping-3.0.dtd">
<hibernate-mapping package="domain">
	<class name="Student" table="student">
		<id name="sid" column="sid">
			<generator class="assigned"></generator>
		</id>
		<property name="username" column="username"></property>
		<property name="gender" column="gender"></property>
		<property name="birthday" column="birthday"></property>
		<property name="major" column="major"></property>
		<property name="note" column="note"></property>
	</class>
</hibernate-mapping>
