<?xml version="1.0" encoding="UTF-8"?>
<!DOCTYPE hibernate-mapping PUBLIC 
    "-//Hibernate/Hibernate Mapping DTD 3.0//EN"
    "http://www.hibernate.org/dtd/hibernate-mapping-3.0.dtd">
<hibernate-mapping package="domain">
	<class name="Teacher" table="teacher">
		<id name="tid" column="tid">
			<generator class="native"></generator>
		</id>
		<property name="username" column="username"></property>
		<property name="password" column="password"></property>
	</class>
</hibernate-mapping>
