[
		{ "id":"1001", "pId":"100", "name":"用户管理", "page":"page_admin_userindex.action"},
		{ "id":"1002", "pId":"100", "name":"功能权限管理", "page":"page_admin_function.action"},
		{ "id":"1003", "pId":"100", "name":"角色管理", "page":"page_admin_role.action"},
	    { "id":"1004", "pId":"100", "name":"流程定义管理", "page":"processDefinitionAction_list.action"},
	    { "id":"1005", "pId":"100", "name":"查看正在运行的流程实例", "page":"processInstanceAction_list.action"}
]