<?xml version="1.0" encoding="UTF-8"?>
<!DOCTYPE struts PUBLIC
	"-//Apache Software Foundation//DTD Struts Configuration 2.3//EN"
	"http://struts.apache.org/dtds/struts-2.3.dtd">
<struts>
	<package name="user" extends="common" namespace="/">

		<action name="userAction_*" class="user.web.action.userAction"
			method="{1}">
			<result name="login">/success2.jsp</result>
			<result name="home">/userLogin.jsp</result>
			<result name="findAll">/WEB-INF/pages/admin/products/list.jsp</result>
			<result name="findId">/WEB-INF/pages/admin/products/edit.jsp</result>
			<result name="addPage">/WEB-INF/pages/admin/products/add.jsp</result>
			<result name="editUser" type="redirectAction">userAction_findAll</result>
			<result name="addUser" type="redirectAction">userAction_findAll</result>
			<result name="deleteUser" type="redirectAction">userAction_findAll</result>
		</action>

		<action name="loginValidator" class="user.web.action.userAction"
			method="loginValidator">
			<result name="register">/success.jsp</result>
			<result name="input">/userLogin.jsp</result>
		</action>
	</package>
</struts>
