<?xml version="1.0" encoding="UTF-8"?>
<!DOCTYPE struts PUBLIC
	"-//Apache Software Foundation//DTD Struts Configuration 2.3//EN"
	"http://struts.apache.org/dtds/struts-2.3.dtd">
<struts>
	<package name="admin" extends="common">

		<interceptors>
			<interceptor name="loginInterceptor" class="user.interceptor.LoginInterceptor" />
			<interceptor-stack name="loginStack">
				<interceptor-ref name="defaultStack" />
				<interceptor-ref name="loginInterceptor">
					<param name="excludeMethods">login</param>
				</interceptor-ref>
			</interceptor-stack>
		</interceptors>

		<global-results>
			<result name="login">/adminLogin.jsp</result>
		</global-results>

		<action name="adminAction_*" class="admin.web.action.adminAction"
			method="{1}">
			<interceptor-ref name="loginStack"></interceptor-ref>
			<result name="home" type="redirectAction">adminAction_homepage</result>
			<result name="homepage">/WEB-INF/pages/admin/login/home.jsp</result>
			<result name="login">/adminLogin.jsp</result>
			<result name="findAll">/WEB-INF/pages/admin/adminproducts/list.jsp</result>
			<result name="addOrEditUI">/WEB-INF/pages/admin/adminproducts/edit.jsp</result>
			<result name="findUsername">/WEB-INF/pages/admin/adminproducts/edit.jsp</result>
			<result name="addOrEdit" type="redirectAction">adminAction_findAll</result>
			<result name="deleteUser" type="redirectAction">adminAction_findAll</result>
		</action>
	</package>
</struts>
