<?xml version="1.0" encoding="UTF-8" ?>
<!DOCTYPE mapper PUBLIC "-//mybatis.org//DTD Mapper 3.0//EN" "http://mybatis.org/dtd/mybatis-3-mapper.dtd" >
<mapper namespace="cn.csmzxy.mapper.TOrderMapper" >
  <resultMap id="BaseResultMap" type="cn.csmzxy.pojo.TOrder" >
    <id column="order_id" property="orderId" jdbcType="VARCHAR" />
    <result column="payment" property="payment" jdbcType="VARCHAR" />
    <result column="status" property="status" jdbcType="INTEGER" />
    <result column="create_time" property="createTime" jdbcType="TIMESTAMP" />
    <result column="payment_time" property="paymentTime" jdbcType="TIMESTAMP" />
    <result column="user_id" property="userId" jdbcType="VARCHAR" />
    <result column="buyer_nick" property="buyerNick" jdbcType="VARCHAR" />
  </resultMap>
  <sql id="Example_Where_Clause" >
    <where >
      <foreach collection="oredCriteria" item="criteria" separator="or" >
        <if test="criteria.valid" >
          <trim prefix="(" suffix=")" prefixOverrides="and" >
            <foreach collection="criteria.criteria" item="criterion" >
              <choose >
                <when test="criterion.noValue" >
                  and ${criterion.condition}
                </when>
                <when test="criterion.singleValue" >
                  and ${criterion.condition} #{criterion.value}
                </when>
                <when test="criterion.betweenValue" >
                  and ${criterion.condition} #{criterion.value} and #{criterion.secondValue}
                </when>
                <when test="criterion.listValue" >
                  and ${criterion.condition}
                  <foreach collection="criterion.value" item="listItem" open="(" close=")" separator="," >
                    #{listItem}
                  </foreach>
                </when>
              </choose>
            </foreach>
          </trim>
        </if>
      </foreach>
    </where>
  </sql>
  <sql id="Update_By_Example_Where_Clause" >
    <where >
      <foreach collection="example.oredCriteria" item="criteria" separator="or" >
        <if test="criteria.valid" >
          <trim prefix="(" suffix=")" prefixOverrides="and" >
            <foreach collection="criteria.criteria" item="criterion" >
              <choose >
                <when test="criterion.noValue" >
                  and ${criterion.condition}
                </when>
                <when test="criterion.singleValue" >
                  and ${criterion.condition} #{criterion.value}
                </when>
                <when test="criterion.betweenValue" >
                  and ${criterion.condition} #{criterion.value} and #{criterion.secondValue}
                </when>
                <when test="criterion.listValue" >
                  and ${criterion.condition}
                  <foreach collection="criterion.value" item="listItem" open="(" close=")" separator="," >
                    #{listItem}
                  </foreach>
                </when>
              </choose>
            </foreach>
          </trim>
        </if>
      </foreach>
    </where>
  </sql>
  <sql id="Base_Column_List" >
    order_id, payment, status, create_time, payment_time, user_id, buyer_nick
  </sql>
  <select id="selectByExample" resultMap="BaseResultMap" parameterType="cn.csmzxy.pojo.TOrderExample" >
    select
    <if test="distinct" >
      distinct
    </if>
    <include refid="Base_Column_List" />
    from t_order
    <if test="_parameter != null" >
      <include refid="Example_Where_Clause" />
    </if>
    <if test="orderByClause != null" >
      order by ${orderByClause}
    </if>
  </select>
  <select id="selectByPrimaryKey" resultMap="BaseResultMap" parameterType="java.lang.String" >
    select 
    <include refid="Base_Column_List" />
    from t_order
    where order_id = #{orderId,jdbcType=VARCHAR}
  </select>
  <delete id="deleteByPrimaryKey" parameterType="java.lang.String" >
    delete from t_order
    where order_id = #{orderId,jdbcType=VARCHAR}
  </delete>
  <delete id="deleteByExample" parameterType="cn.csmzxy.pojo.TOrderExample" >
    delete from t_order
    <if test="_parameter != null" >
      <include refid="Example_Where_Clause" />
    </if>
  </delete>
  <insert id="insert" parameterType="cn.csmzxy.pojo.TOrder" >
    insert into t_order (order_id, payment, status, 
      create_time, payment_time, user_id, 
      buyer_nick)
    values (#{orderId,jdbcType=VARCHAR}, #{payment,jdbcType=VARCHAR}, #{status,jdbcType=INTEGER}, 
      #{createTime,jdbcType=TIMESTAMP}, #{paymentTime,jdbcType=TIMESTAMP}, #{userId,jdbcType=VARCHAR}, 
      #{buyerNick,jdbcType=VARCHAR})
  </insert>
  <insert id="insertSelective" parameterType="cn.csmzxy.pojo.TOrder" >
    insert into t_order
    <trim prefix="(" suffix=")" suffixOverrides="," >
      <if test="orderId != null" >
        order_id,
      </if>
      <if test="payment != null" >
        payment,
      </if>
      <if test="status != null" >
        status,
      </if>
      <if test="createTime != null" >
        create_time,
      </if>
      <if test="paymentTime != null" >
        payment_time,
      </if>
      <if test="userId != null" >
        user_id,
      </if>
      <if test="buyerNick != null" >
        buyer_nick,
      </if>
    </trim>
    <trim prefix="values (" suffix=")" suffixOverrides="," >
      <if test="orderId != null" >
        #{orderId,jdbcType=VARCHAR},
      </if>
      <if test="payment != null" >
        #{payment,jdbcType=VARCHAR},
      </if>
      <if test="status != null" >
        #{status,jdbcType=INTEGER},
      </if>
      <if test="createTime != null" >
        #{createTime,jdbcType=TIMESTAMP},
      </if>
      <if test="paymentTime != null" >
        #{paymentTime,jdbcType=TIMESTAMP},
      </if>
      <if test="userId != null" >
        #{userId,jdbcType=VARCHAR},
      </if>
      <if test="buyerNick != null" >
        #{buyerNick,jdbcType=VARCHAR},
      </if>
    </trim>
  </insert>
  <select id="countByExample" parameterType="cn.csmzxy.pojo.TOrderExample" resultType="java.lang.Integer" >
    select count(*) from t_order
    <if test="_parameter != null" >
      <include refid="Example_Where_Clause" />
    </if>
  </select>
  <update id="updateByExampleSelective" parameterType="map" >
    update t_order
    <set >
      <if test="record.orderId != null" >
        order_id = #{record.orderId,jdbcType=VARCHAR},
      </if>
      <if test="record.payment != null" >
        payment = #{record.payment,jdbcType=VARCHAR},
      </if>
      <if test="record.status != null" >
        status = #{record.status,jdbcType=INTEGER},
      </if>
      <if test="record.createTime != null" >
        create_time = #{record.createTime,jdbcType=TIMESTAMP},
      </if>
      <if test="record.paymentTime != null" >
        payment_time = #{record.paymentTime,jdbcType=TIMESTAMP},
      </if>
      <if test="record.userId != null" >
        user_id = #{record.userId,jdbcType=VARCHAR},
      </if>
      <if test="record.buyerNick != null" >
        buyer_nick = #{record.buyerNick,jdbcType=VARCHAR},
      </if>
    </set>
    <if test="_parameter != null" >
      <include refid="Update_By_Example_Where_Clause" />
    </if>
  </update>
  <update id="updateByExample" parameterType="map" >
    update t_order
    set order_id = #{record.orderId,jdbcType=VARCHAR},
      payment = #{record.payment,jdbcType=VARCHAR},
      status = #{record.status,jdbcType=INTEGER},
      create_time = #{record.createTime,jdbcType=TIMESTAMP},
      payment_time = #{record.paymentTime,jdbcType=TIMESTAMP},
      user_id = #{record.userId,jdbcType=VARCHAR},
      buyer_nick = #{record.buyerNick,jdbcType=VARCHAR}
    <if test="_parameter != null" >
      <include refid="Update_By_Example_Where_Clause" />
    </if>
  </update>
  <update id="updateByPrimaryKeySelective" parameterType="cn.csmzxy.pojo.TOrder" >
    update t_order
    <set >
      <if test="payment != null" >
        payment = #{payment,jdbcType=VARCHAR},
      </if>
      <if test="status != null" >
        status = #{status,jdbcType=INTEGER},
      </if>
      <if test="createTime != null" >
        create_time = #{createTime,jdbcType=TIMESTAMP},
      </if>
      <if test="paymentTime != null" >
        payment_time = #{paymentTime,jdbcType=TIMESTAMP},
      </if>
      <if test="userId != null" >
        user_id = #{userId,jdbcType=VARCHAR},
      </if>
      <if test="buyerNick != null" >
        buyer_nick = #{buyerNick,jdbcType=VARCHAR},
      </if>
    </set>
    where order_id = #{orderId,jdbcType=VARCHAR}
  </update>
  <update id="updateByPrimaryKey" parameterType="cn.csmzxy.pojo.TOrder" >
    update t_order
    set payment = #{payment,jdbcType=VARCHAR},
      status = #{status,jdbcType=INTEGER},
      create_time = #{createTime,jdbcType=TIMESTAMP},
      payment_time = #{paymentTime,jdbcType=TIMESTAMP},
      user_id = #{userId,jdbcType=VARCHAR},
      buyer_nick = #{buyerNick,jdbcType=VARCHAR}
    where order_id = #{orderId,jdbcType=VARCHAR}
  </update>
</mapper>