<?xml version="1.0" encoding="UTF-8"?>
<!DOCTYPE struts PUBLIC
    "-//Apache Software Foundation//DTD Struts Configuration 2.3//EN"
    "http://struts.apache.org/dtds/struts-2.3.dtd">
<struts>
	<!-- #1 常量 -->
	<!-- 1.1开发模式 -->
	<constant name="struts.devMode" value="true" />
	<!-- 1.2标签主题，简单风格 -->
	<constant name="struts.ui.theme" value="simple" />
	<!-- #2 公共项 -->
	<package name="common" namespace="/" extends="struts-default">
		<interceptors>
			<!-- @1)声明（注册） -->
			<interceptor name="loginInterceptor"
				class="day37_spring.crm.interceptor.LoginInterceptor" />
			<!-- @2)自定义拦截器栈 -->

			<interceptor-stack name="loginStack">
				<interceptor-ref name="defaultStack" />
				<!-- 自定义拦截需要进行login不进行拦截 * excludeMethods 配置不包含的方法，多个方法使用逗号分隔 -->
				<interceptor-ref name="loginInterceptor">
					<param name="excludeMethods">login</param>
				</interceptor-ref>
			</interceptor-stack>
		</interceptors>
		<!-- @3)声明默认 <default-interceptor-ref name="loginStack"></default-interceptor-ref> -->
		<!-- @4)全局结果集 -->

		<global-results>
			<result name="login">/WEB-INF/pages/login.jsp</result>
		</global-results>
		<!-- 2.1 配置公共 jsp访问 action 版本1：通过自定义action实现 <action name="uiAction" class="com.itheima.crm.web.action.UIAction"> 
			<result name="success">/WEB-INF/pages/frame/top.jsp</result> </action> 版本2：通过ActionSupport 
			<action name="uiAction" class="com.opensymphony.xwork2.ActionSupport"> <result 
			name="success">/WEB-INF/pages/frame/top.jsp</result> </action> 能否将class删除？ 
			class默认值“ActionSupport” <action name="uiAction"> <result name="success">/WEB-INF/pages/frame/top.jsp</result> 
			</action> 版本3：通配符 result.name 默认值：success uiAction_*_* 第一个星匹配文件夹名称，通过{1}获取 
			第二个星匹配jsp文件名称，通过{2}获取 例如： uiAction_frame_top /WEB-INF/pages/frame/top.jsp 
			总结： action.class 默认值：ActionSupport action.method 默认值：execute result.name 
			默认值：success -->

		<action name="uiAction_*_*">
			<result>/WEB-INF/pages/{1}/{2}.jsp</result>
		</action>
	</package>
	<include file="struts/struts-staff.xml" />
	<include file="struts/struts-department.xml" />
	<include file="struts/struts-post.xml" />
	<include file="struts/struts-coursetype.xml" />

</struts>