<?xml version="1.0" encoding="UTF-8"?>
<!DOCTYPE hibernate-mapping PUBLIC 
    "-//Hibernate/Hibernate Mapping DTD 3.0//EN"
    "http://www.hibernate.org/dtd/hibernate-mapping-3.0.dtd">
<hibernate-mapping package="admin.domain">
	<!--/**
	 * 字段名称 含义 类型 约束 id 管理员ID int 主键 username 管理员账号 varchar(20) 非空 password
	 * 管理员密码 varchar(20) 非空 name 真实姓名 varchar(20) 非空 qx 权限 int 非空
	 */-->
	<class name="Admin" table="admin">
		<id name="id">
			<generator class="uuid"></generator>
		</id>

		<property name="username"></property>
		<property name="password"></property>
		<property name="name"></property>
		<property name="qx"></property>

	</class>
</hibernate-mapping>