<?xml version="1.0" encoding="UTF-8"?>
<!DOCTYPE hibernate-mapping PUBLIC 
    "-//Hibernate/Hibernate Mapping DTD 3.0//EN"
    "http://www.hibernate.org/dtd/hibernate-mapping-3.0.dtd">
<hibernate-mapping package="day37_spring.crm.coursetype.domain">
	<class name="CrmCourseType" table="crm_course_type">
		<id name="courseTypeId">
			<generator class="uuid"></generator>
		</id>

		<property name="courseCost"></property>
		<property name="total"></property>
		<property name="courseName"></property>
		<property name="remark"></property>


		<!-- 一对多：一个课程类别 可以 有 【多个班级】 -->
		<set name="classesSet" sort="unsorted" inverse="false" mutable="true"
			optimistic-lock="true" embed-xml="true">
			<key column="courseTypeId" on-delete="noaction" />
			<one-to-many class="day37_spring.crm.classes.domain.CrmClasses"
				not-found="exception" embed-xml="true" />
		</set>

	</class>
</hibernate-mapping>