<?xml version="1.0" encoding="utf-8"?>
<!DOCTYPE hibernate-mapping PUBLIC
        "-//Hibernate/Hibernate Mapping DTD 3.0//EN"
        "http://www.hibernate.org/dtd/hibernate-mapping-3.0.dtd">
<hibernate-mapping>
    <class name="bos19.domain.Decidedzone" table="bc_decidedzone" catalog="bos19">
        <id name="id" type="java.lang.String">
            <column name="id" length="32"/>
            <generator class="assigned"/>
        </id>
        <many-to-one name="staff" class="bos19.domain.Staff" lazy="false" fetch="select">
            <column name="staff_id" length="32"/>
        </many-to-one>
        <property name="name" type="java.lang.String">
            <column name="name" length="30"/>
        </property>
        <set name="subareas" inverse="true" lazy="false">
            <key>
                <column name="decidedzone_id" length="32"/>
            </key>
            <one-to-many class="bos19.domain.Subarea"/>
        </set>
    </class>
</hibernate-mapping>
