<?xml version="1.0" encoding="utf-8"?>
<!DOCTYPE hibernate-mapping PUBLIC
        "-//Hibernate/Hibernate Mapping DTD 3.0//EN"
        "http://www.hibernate.org/dtd/hibernate-mapping-3.0.dtd">
<hibernate-mapping>
    <class name="bos19.domain.Noticebill" table="qp_noticebill" catalog="bos19">
        <id name="id" type="java.lang.String">
            <column name="id" length="32"/>
            <generator class="uuid"/>
        </id>
        <many-to-one name="user" class="bos19.domain.User" fetch="select">
            <column name="user_id" length="32"/>
        </many-to-one>
        <many-to-one name="staff" class="bos19.domain.Staff" fetch="select">
            <column name="staff_id" length="32"/>
        </many-to-one>
        <property name="customerId" type="java.lang.String">
            <column name="customer_id" length="32"/>
        </property>
        <property name="customerName" type="java.lang.String">
            <column name="customer_name" length="20"/>
        </property>
        <property name="delegater" type="java.lang.String">
            <column name="delegater" length="20"/>
        </property>
        <property name="telephone" type="java.lang.String">
            <column name="telephone" length="20"/>
        </property>
        <property name="pickaddress" type="java.lang.String">
            <column name="pickaddress" length="200"/>
        </property>
        <property name="arrivecity" type="java.lang.String">
            <column name="arrivecity" length="20"/>
        </property>
        <property name="product" type="java.lang.String">
            <column name="product" length="20"/>
        </property>
        <property name="pickdate" type="java.util.Date">
            <column name="pickdate" length="0"/>
        </property>
        <property name="num" type="java.lang.Integer">
            <column name="num"/>
        </property>
        <property name="weight" type="java.lang.Double">
            <column name="weight" precision="22" scale="0"/>
        </property>
        <property name="volume" type="java.lang.String">
            <column name="volume" length="20"/>
        </property>
        <property name="remark" type="java.lang.String">
            <column name="remark"/>
        </property>
        <property name="ordertype" type="java.lang.String">
            <column name="ordertype" length="20"/>
        </property>
        <set name="workbills" inverse="true">
            <key>
                <column name="noticebill_id" length="32"/>
            </key>
            <one-to-many class="bos19.domain.Workbill"/>
        </set>
    </class>
</hibernate-mapping>
