<?xml version="1.0" encoding="utf-8"?>
<!DOCTYPE hibernate-mapping PUBLIC
        "-//Hibernate/Hibernate Mapping DTD 3.0//EN"
        "http://www.hibernate.org/dtd/hibernate-mapping-3.0.dtd">
<hibernate-mapping>
    <class name="bos19.domain.Role" table="auth_role" catalog="bos19">
        <id name="id" type="java.lang.String">
            <column name="id" length="32"/>
            <generator class="uuid"/>
        </id>
        <property name="name" type="java.lang.String">
            <column name="name"/>
        </property>
        <property name="code" type="java.lang.String">
            <column name="code"/>
        </property>
        <property name="description" type="java.lang.String">
            <column name="description"/>
        </property>
        <set name="functions" table="role_function" catalog="bos19">
            <key>
                <column name="role_id" length="32" not-null="true"/>
            </key>
            <many-to-many entity-name="bos19.domain.Function">
                <column name="function_id" length="32" not-null="true"/>
            </many-to-many>
        </set>
        <set name="users" inverse="true" table="user_role" catalog="bos19">
            <key>
                <column name="role_id" length="32" not-null="true"/>
            </key>
            <many-to-many entity-name="bos19.domain.User">
                <column name="user_id" length="32" not-null="true"/>
            </many-to-many>
        </set>
    </class>
</hibernate-mapping>
