<?xml version="1.0" encoding="utf-8"?>
<!DOCTYPE hibernate-mapping PUBLIC
        "-//Hibernate/Hibernate Mapping DTD 3.0//EN"
        "http://www.hibernate.org/dtd/hibernate-mapping-3.0.dtd">
<hibernate-mapping>
    <class name="bos19.domain.Subarea" table="bc_subarea" catalog="bos19">
        <id name="id" type="java.lang.String">
            <column name="id"/>
            <generator class="uuid"/>
        </id>
        <many-to-one name="decidedzone" class="bos19.domain.Decidedzone" fetch="select" lazy="false">
            <column name="decidedzone_id"/>
        </many-to-one>
        <many-to-one name="region" class="bos19.domain.Region" fetch="select" lazy="false">
            <column name="region_id"/>
        </many-to-one>
        <property name="addresskey" type="java.lang.String">
            <column name="addresskey" length="100"/>
        </property>
        <property name="startnum" type="java.lang.String">
            <column name="startnum" length="30"/>
        </property>
        <property name="endnum" type="java.lang.String">
            <column name="endnum" length="30"/>
        </property>
        <property name="single" type="java.lang.String">
            <column name="single" length="1"/>
        </property>
        <property name="position" type="java.lang.String">
            <column name="position"/>
        </property>
    </class>
</hibernate-mapping>
