<?xml version="1.0" encoding="utf-8"?>
<!DOCTYPE hibernate-mapping PUBLIC
        "-//Hibernate/Hibernate Mapping DTD 3.0//EN"
        "http://www.hibernate.org/dtd/hibernate-mapping-3.0.dtd">
<hibernate-mapping>
    <class name="bos19.domain.User" table="t_user">
        <id name="id" type="java.lang.String">
            <column name="id" length="32"/>
            <generator class="uuid"/>
        </id>
        <property name="username" type="java.lang.String">
            <column name="username" length="20" not-null="true"/>
        </property>
        <property name="password" type="java.lang.String">
            <column name="password" length="32" not-null="true"/>
        </property>
        <property name="salary" type="java.lang.Double">
            <column name="salary" precision="22" scale="0"/>
        </property>
        <property name="birthday" type="java.util.Date">
            <column name="birthday" length="0"/>
        </property>
        <property name="gender" type="java.lang.String">
            <column name="gender" length="10"/>
        </property>
        <property name="station" type="java.lang.String">
            <column name="station" length="40"/>
        </property>
        <property name="telephone" type="java.lang.String">
            <column name="telephone" length="11"/>
        </property>
        <property name="remark" type="java.lang.String">
            <column name="remark"/>
        </property>
        <set name="noticebills" inverse="true">
            <key>
                <column name="user_id" length="32"/>
            </key>
            <one-to-many class="bos19.domain.Noticebill"/>
        </set>
        <set name="roles" table="user_role" catalog="bos19">
            <key>
                <column name="user_id" length="32" not-null="true"/>
            </key>
            <many-to-many entity-name="bos19.domain.Role">
                <column name="role_id" length="32" not-null="true"/>
            </many-to-many>
        </set>
    </class>
    <!-- 命名查询语句 -->
    <query name="editPassword">
        UPDATE User SET password = ? WHERE id = ?
    </query>
</hibernate-mapping>