<?xml version="1.0" encoding="UTF-8" ?>
<!DOCTYPE mapper PUBLIC "-//mybatis.org//DTD Mapper 3.0//EN" "http://mybatis.org/dtd/mybatis-3-mapper.dtd" >
<mapper namespace="cn.hshx.mapper.MenuMapper" >
  <resultMap id="BaseResultMap" type="cn.hshx.pojo.Menu" >
    <id column="id" property="id" jdbcType="VARCHAR" />
    <result column="name" property="name" jdbcType="VARCHAR" />
    <result column="special" property="special" jdbcType="VARCHAR" />
    <result column="material" property="material" jdbcType="VARCHAR" />
    <result column="money" property="money" jdbcType="INTEGER" />
    <result column="category" property="category" jdbcType="VARCHAR" />
  </resultMap>
  <sql id="Example_Where_Clause" >
    <where >
      <foreach collection="oredCriteria" item="criteria" separator="or" >
        <if test="criteria.valid" >
          <trim prefix="(" suffix=")" prefixOverrides="and" >
            <foreach collection="criteria.criteria" item="criterion" >
              <choose >
                <when test="criterion.noValue" >
                  and ${criterion.condition}
                </when>
                <when test="criterion.singleValue" >
                  and ${criterion.condition} #{criterion.value}
                </when>
                <when test="criterion.betweenValue" >
                  and ${criterion.condition} #{criterion.value} and #{criterion.secondValue}
                </when>
                <when test="criterion.listValue" >
                  and ${criterion.condition}
                  <foreach collection="criterion.value" item="listItem" open="(" close=")" separator="," >
                    #{listItem}
                  </foreach>
                </when>
              </choose>
            </foreach>
          </trim>
        </if>
      </foreach>
    </where>
  </sql>
  <sql id="Update_By_Example_Where_Clause" >
    <where >
      <foreach collection="example.oredCriteria" item="criteria" separator="or" >
        <if test="criteria.valid" >
          <trim prefix="(" suffix=")" prefixOverrides="and" >
            <foreach collection="criteria.criteria" item="criterion" >
              <choose >
                <when test="criterion.noValue" >
                  and ${criterion.condition}
                </when>
                <when test="criterion.singleValue" >
                  and ${criterion.condition} #{criterion.value}
                </when>
                <when test="criterion.betweenValue" >
                  and ${criterion.condition} #{criterion.value} and #{criterion.secondValue}
                </when>
                <when test="criterion.listValue" >
                  and ${criterion.condition}
                  <foreach collection="criterion.value" item="listItem" open="(" close=")" separator="," >
                    #{listItem}
                  </foreach>
                </when>
              </choose>
            </foreach>
          </trim>
        </if>
      </foreach>
    </where>
  </sql>
  <sql id="Base_Column_List" >
    id, name, special, material, money, category
  </sql>
  <select id="selectByExample" resultMap="BaseResultMap" parameterType="cn.hshx.pojo.MenuExample" >
    select
    <if test="distinct" >
      distinct
    </if>
    <include refid="Base_Column_List" />
    from menu
    <if test="_parameter != null" >
      <include refid="Example_Where_Clause" />
    </if>
    <if test="orderByClause != null" >
      order by ${orderByClause}
    </if>
  </select>
  <select id="selectByPrimaryKey" resultMap="BaseResultMap" parameterType="java.lang.String" >
    select 
    <include refid="Base_Column_List" />
    from menu
    where id = #{id,jdbcType=VARCHAR}
  </select>
  <delete id="deleteByPrimaryKey" parameterType="java.lang.String" >
    delete from menu
    where id = #{id,jdbcType=VARCHAR}
  </delete>
  <delete id="deleteByExample" parameterType="cn.hshx.pojo.MenuExample" >
    delete from menu
    <if test="_parameter != null" >
      <include refid="Example_Where_Clause" />
    </if>
  </delete>
  <insert id="insert" parameterType="cn.hshx.pojo.Menu" >
    insert into menu (id, name, special, 
      material, money, category
      )
    values (#{id,jdbcType=VARCHAR}, #{name,jdbcType=VARCHAR}, #{special,jdbcType=VARCHAR}, 
      #{material,jdbcType=VARCHAR}, #{money,jdbcType=INTEGER}, #{category,jdbcType=VARCHAR}
      )
  </insert>
  <insert id="insertSelective" parameterType="cn.hshx.pojo.Menu" >
    insert into menu
    <trim prefix="(" suffix=")" suffixOverrides="," >
      <if test="id != null" >
        id,
      </if>
      <if test="name != null" >
        name,
      </if>
      <if test="special != null" >
        special,
      </if>
      <if test="material != null" >
        material,
      </if>
      <if test="money != null" >
        money,
      </if>
      <if test="category != null" >
        category,
      </if>
    </trim>
    <trim prefix="values (" suffix=")" suffixOverrides="," >
      <if test="id != null" >
        #{id,jdbcType=VARCHAR},
      </if>
      <if test="name != null" >
        #{name,jdbcType=VARCHAR},
      </if>
      <if test="special != null" >
        #{special,jdbcType=VARCHAR},
      </if>
      <if test="material != null" >
        #{material,jdbcType=VARCHAR},
      </if>
      <if test="money != null" >
        #{money,jdbcType=INTEGER},
      </if>
      <if test="category != null" >
        #{category,jdbcType=VARCHAR},
      </if>
    </trim>
  </insert>
  <select id="countByExample" parameterType="cn.hshx.pojo.MenuExample" resultType="java.lang.Integer" >
    select count(*) from menu
    <if test="_parameter != null" >
      <include refid="Example_Where_Clause" />
    </if>
  </select>
  <update id="updateByExampleSelective" parameterType="map" >
    update menu
    <set >
      <if test="record.id != null" >
        id = #{record.id,jdbcType=VARCHAR},
      </if>
      <if test="record.name != null" >
        name = #{record.name,jdbcType=VARCHAR},
      </if>
      <if test="record.special != null" >
        special = #{record.special,jdbcType=VARCHAR},
      </if>
      <if test="record.material != null" >
        material = #{record.material,jdbcType=VARCHAR},
      </if>
      <if test="record.money != null" >
        money = #{record.money,jdbcType=INTEGER},
      </if>
      <if test="record.category != null" >
        category = #{record.category,jdbcType=VARCHAR},
      </if>
    </set>
    <if test="_parameter != null" >
      <include refid="Update_By_Example_Where_Clause" />
    </if>
  </update>
  <update id="updateByExample" parameterType="map" >
    update menu
    set id = #{record.id,jdbcType=VARCHAR},
      name = #{record.name,jdbcType=VARCHAR},
      special = #{record.special,jdbcType=VARCHAR},
      material = #{record.material,jdbcType=VARCHAR},
      money = #{record.money,jdbcType=INTEGER},
      category = #{record.category,jdbcType=VARCHAR}
    <if test="_parameter != null" >
      <include refid="Update_By_Example_Where_Clause" />
    </if>
  </update>
  <update id="updateByPrimaryKeySelective" parameterType="cn.hshx.pojo.Menu" >
    update menu
    <set >
      <if test="name != null" >
        name = #{name,jdbcType=VARCHAR},
      </if>
      <if test="special != null" >
        special = #{special,jdbcType=VARCHAR},
      </if>
      <if test="material != null" >
        material = #{material,jdbcType=VARCHAR},
      </if>
      <if test="money != null" >
        money = #{money,jdbcType=INTEGER},
      </if>
      <if test="category != null" >
        category = #{category,jdbcType=VARCHAR},
      </if>
    </set>
    where id = #{id,jdbcType=VARCHAR}
  </update>
  <update id="updateByPrimaryKey" parameterType="cn.hshx.pojo.Menu" >
    update menu
    set name = #{name,jdbcType=VARCHAR},
      special = #{special,jdbcType=VARCHAR},
      material = #{material,jdbcType=VARCHAR},
      money = #{money,jdbcType=INTEGER},
      category = #{category,jdbcType=VARCHAR}
    where id = #{id,jdbcType=VARCHAR}
  </update>
</mapper>