<?xml version="1.0" encoding="UTF-8" ?>
<!DOCTYPE mapper PUBLIC "-//mybatis.org//DTD Mapper 3.0//EN" "http://mybatis.org/dtd/mybatis-3-mapper.dtd" >
<mapper namespace="cn.hshx.mapper.TMenuTableMapper" >
  <resultMap id="BaseResultMap" type="cn.hshx.pojo.TMenuTable" >
    <id column="menu_id" property="menuId" jdbcType="VARCHAR" />
    <id column="table_id" property="tableId" jdbcType="VARCHAR" />
    <result column="money" property="money" jdbcType="INTEGER" />
    <result column="beginTime" property="begintime" jdbcType="TIMESTAMP" />
    <result column="EndTime" property="endtime" jdbcType="TIMESTAMP" />
  </resultMap>
  <sql id="Example_Where_Clause" >
    <where >
      <foreach collection="oredCriteria" item="criteria" separator="or" >
        <if test="criteria.valid" >
          <trim prefix="(" suffix=")" prefixOverrides="and" >
            <foreach collection="criteria.criteria" item="criterion" >
              <choose >
                <when test="criterion.noValue" >
                  and ${criterion.condition}
                </when>
                <when test="criterion.singleValue" >
                  and ${criterion.condition} #{criterion.value}
                </when>
                <when test="criterion.betweenValue" >
                  and ${criterion.condition} #{criterion.value} and #{criterion.secondValue}
                </when>
                <when test="criterion.listValue" >
                  and ${criterion.condition}
                  <foreach collection="criterion.value" item="listItem" open="(" close=")" separator="," >
                    #{listItem}
                  </foreach>
                </when>
              </choose>
            </foreach>
          </trim>
        </if>
      </foreach>
    </where>
  </sql>
  <sql id="Update_By_Example_Where_Clause" >
    <where >
      <foreach collection="example.oredCriteria" item="criteria" separator="or" >
        <if test="criteria.valid" >
          <trim prefix="(" suffix=")" prefixOverrides="and" >
            <foreach collection="criteria.criteria" item="criterion" >
              <choose >
                <when test="criterion.noValue" >
                  and ${criterion.condition}
                </when>
                <when test="criterion.singleValue" >
                  and ${criterion.condition} #{criterion.value}
                </when>
                <when test="criterion.betweenValue" >
                  and ${criterion.condition} #{criterion.value} and #{criterion.secondValue}
                </when>
                <when test="criterion.listValue" >
                  and ${criterion.condition}
                  <foreach collection="criterion.value" item="listItem" open="(" close=")" separator="," >
                    #{listItem}
                  </foreach>
                </when>
              </choose>
            </foreach>
          </trim>
        </if>
      </foreach>
    </where>
  </sql>
  <sql id="Base_Column_List" >
    menu_id, table_id, money, beginTime, EndTime
  </sql>
  <select id="selectByExample" resultMap="BaseResultMap" parameterType="cn.hshx.pojo.TMenuTableExample" >
    select
    <if test="distinct" >
      distinct
    </if>
    <include refid="Base_Column_List" />
    from t_menu_table
    <if test="_parameter != null" >
      <include refid="Example_Where_Clause" />
    </if>
    <if test="orderByClause != null" >
      order by ${orderByClause}
    </if>
  </select>
  <select id="selectByPrimaryKey" resultMap="BaseResultMap" parameterType="cn.hshx.pojo.TMenuTableKey" >
    select 
    <include refid="Base_Column_List" />
    from t_menu_table
    where menu_id = #{menuId,jdbcType=VARCHAR}
      and table_id = #{tableId,jdbcType=VARCHAR}
  </select>
  <delete id="deleteByPrimaryKey" parameterType="cn.hshx.pojo.TMenuTableKey" >
    delete from t_menu_table
    where menu_id = #{menuId,jdbcType=VARCHAR}
      and table_id = #{tableId,jdbcType=VARCHAR}
  </delete>
  <delete id="deleteByExample" parameterType="cn.hshx.pojo.TMenuTableExample" >
    delete from t_menu_table
    <if test="_parameter != null" >
      <include refid="Example_Where_Clause" />
    </if>
  </delete>
  <insert id="insert" parameterType="cn.hshx.pojo.TMenuTable" >
    insert into t_menu_table (menu_id, table_id, money, 
      beginTime, EndTime)
    values (#{menuId,jdbcType=VARCHAR}, #{tableId,jdbcType=VARCHAR}, #{money,jdbcType=INTEGER}, 
      #{begintime,jdbcType=TIMESTAMP}, #{endtime,jdbcType=TIMESTAMP})
  </insert>
  <insert id="insertSelective" parameterType="cn.hshx.pojo.TMenuTable" >
    insert into t_menu_table
    <trim prefix="(" suffix=")" suffixOverrides="," >
      <if test="menuId != null" >
        menu_id,
      </if>
      <if test="tableId != null" >
        table_id,
      </if>
      <if test="money != null" >
        money,
      </if>
      <if test="begintime != null" >
        beginTime,
      </if>
      <if test="endtime != null" >
        EndTime,
      </if>
    </trim>
    <trim prefix="values (" suffix=")" suffixOverrides="," >
      <if test="menuId != null" >
        #{menuId,jdbcType=VARCHAR},
      </if>
      <if test="tableId != null" >
        #{tableId,jdbcType=VARCHAR},
      </if>
      <if test="money != null" >
        #{money,jdbcType=INTEGER},
      </if>
      <if test="begintime != null" >
        #{begintime,jdbcType=TIMESTAMP},
      </if>
      <if test="endtime != null" >
        #{endtime,jdbcType=TIMESTAMP},
      </if>
    </trim>
  </insert>
  <select id="countByExample" parameterType="cn.hshx.pojo.TMenuTableExample" resultType="java.lang.Integer" >
    select count(*) from t_menu_table
    <if test="_parameter != null" >
      <include refid="Example_Where_Clause" />
    </if>
  </select>
  <update id="updateByExampleSelective" parameterType="map" >
    update t_menu_table
    <set >
      <if test="record.menuId != null" >
        menu_id = #{record.menuId,jdbcType=VARCHAR},
      </if>
      <if test="record.tableId != null" >
        table_id = #{record.tableId,jdbcType=VARCHAR},
      </if>
      <if test="record.money != null" >
        money = #{record.money,jdbcType=INTEGER},
      </if>
      <if test="record.begintime != null" >
        beginTime = #{record.begintime,jdbcType=TIMESTAMP},
      </if>
      <if test="record.endtime != null" >
        EndTime = #{record.endtime,jdbcType=TIMESTAMP},
      </if>
    </set>
    <if test="_parameter != null" >
      <include refid="Update_By_Example_Where_Clause" />
    </if>
  </update>
  <update id="updateByExample" parameterType="map" >
    update t_menu_table
    set menu_id = #{record.menuId,jdbcType=VARCHAR},
      table_id = #{record.tableId,jdbcType=VARCHAR},
      money = #{record.money,jdbcType=INTEGER},
      beginTime = #{record.begintime,jdbcType=TIMESTAMP},
      EndTime = #{record.endtime,jdbcType=TIMESTAMP}
    <if test="_parameter != null" >
      <include refid="Update_By_Example_Where_Clause" />
    </if>
  </update>
  <update id="updateByPrimaryKeySelective" parameterType="cn.hshx.pojo.TMenuTable" >
    update t_menu_table
    <set >
      <if test="money != null" >
        money = #{money,jdbcType=INTEGER},
      </if>
      <if test="begintime != null" >
        beginTime = #{begintime,jdbcType=TIMESTAMP},
      </if>
      <if test="endtime != null" >
        EndTime = #{endtime,jdbcType=TIMESTAMP},
      </if>
    </set>
    where menu_id = #{menuId,jdbcType=VARCHAR}
      and table_id = #{tableId,jdbcType=VARCHAR}
  </update>
  <update id="updateByPrimaryKey" parameterType="cn.hshx.pojo.TMenuTable" >
    update t_menu_table
    set money = #{money,jdbcType=INTEGER},
      beginTime = #{begintime,jdbcType=TIMESTAMP},
      EndTime = #{endtime,jdbcType=TIMESTAMP}
    where menu_id = #{menuId,jdbcType=VARCHAR}
      and table_id = #{tableId,jdbcType=VARCHAR}
  </update>
</mapper>