<?xml version="1.0" encoding="UTF-8" ?>
<!DOCTYPE mapper PUBLIC "-//mybatis.org//DTD Mapper 3.0//EN" "http://mybatis.org/dtd/mybatis-3-mapper.dtd" >
<mapper namespace="cn.hshx.mapper.UserMapper" >
  <resultMap id="BaseResultMap" type="cn.hshx.pojo.User" >
    <id column="id" property="id" jdbcType="VARCHAR" />
    <result column="name" property="name" jdbcType="VARCHAR" />
    <result column="password" property="password" jdbcType="VARCHAR" />
    <result column="age" property="age" jdbcType="INTEGER" />
    <result column="qx" property="qx" jdbcType="VARCHAR" />
    <result column="sex" property="sex" jdbcType="VARCHAR" />
    <result column="status" property="status" jdbcType="CHAR" />
    <result column="beginTime" property="begintime" jdbcType="TIMESTAMP" />
    <result column="salary" property="salary" jdbcType="DOUBLE" />
  </resultMap>
  <sql id="Example_Where_Clause" >
    <where >
      <foreach collection="oredCriteria" item="criteria" separator="or" >
        <if test="criteria.valid" >
          <trim prefix="(" suffix=")" prefixOverrides="and" >
            <foreach collection="criteria.criteria" item="criterion" >
              <choose >
                <when test="criterion.noValue" >
                  and ${criterion.condition}
                </when>
                <when test="criterion.singleValue" >
                  and ${criterion.condition} #{criterion.value}
                </when>
                <when test="criterion.betweenValue" >
                  and ${criterion.condition} #{criterion.value} and #{criterion.secondValue}
                </when>
                <when test="criterion.listValue" >
                  and ${criterion.condition}
                  <foreach collection="criterion.value" item="listItem" open="(" close=")" separator="," >
                    #{listItem}
                  </foreach>
                </when>
              </choose>
            </foreach>
          </trim>
        </if>
      </foreach>
    </where>
  </sql>
  <sql id="Update_By_Example_Where_Clause" >
    <where >
      <foreach collection="example.oredCriteria" item="criteria" separator="or" >
        <if test="criteria.valid" >
          <trim prefix="(" suffix=")" prefixOverrides="and" >
            <foreach collection="criteria.criteria" item="criterion" >
              <choose >
                <when test="criterion.noValue" >
                  and ${criterion.condition}
                </when>
                <when test="criterion.singleValue" >
                  and ${criterion.condition} #{criterion.value}
                </when>
                <when test="criterion.betweenValue" >
                  and ${criterion.condition} #{criterion.value} and #{criterion.secondValue}
                </when>
                <when test="criterion.listValue" >
                  and ${criterion.condition}
                  <foreach collection="criterion.value" item="listItem" open="(" close=")" separator="," >
                    #{listItem}
                  </foreach>
                </when>
              </choose>
            </foreach>
          </trim>
        </if>
      </foreach>
    </where>
  </sql>
  <sql id="Base_Column_List" >
    id, name, password, age, qx, sex, status, beginTime, salary
  </sql>
  <select id="selectByExample" resultMap="BaseResultMap" parameterType="cn.hshx.pojo.UserExample" >
    select
    <if test="distinct" >
      distinct
    </if>
    <include refid="Base_Column_List" />
    from user
    <if test="_parameter != null" >
      <include refid="Example_Where_Clause" />
    </if>
    <if test="orderByClause != null" >
      order by ${orderByClause}
    </if>
  </select>
  <select id="selectByPrimaryKey" resultMap="BaseResultMap" parameterType="java.lang.String" >
    select 
    <include refid="Base_Column_List" />
    from user
    where id = #{id,jdbcType=VARCHAR}
  </select>
  <delete id="deleteByPrimaryKey" parameterType="java.lang.String" >
    delete from user
    where id = #{id,jdbcType=VARCHAR}
  </delete>
  <delete id="deleteByExample" parameterType="cn.hshx.pojo.UserExample" >
    delete from user
    <if test="_parameter != null" >
      <include refid="Example_Where_Clause" />
    </if>
  </delete>
  <insert id="insert" parameterType="cn.hshx.pojo.User" >
    insert into user (id, name, password, 
      age, qx, sex, status, 
      beginTime, salary)
    values (#{id,jdbcType=VARCHAR}, #{name,jdbcType=VARCHAR}, #{password,jdbcType=VARCHAR}, 
      #{age,jdbcType=INTEGER}, #{qx,jdbcType=VARCHAR}, #{sex,jdbcType=VARCHAR}, #{status,jdbcType=CHAR}, 
      #{begintime,jdbcType=TIMESTAMP}, #{salary,jdbcType=DOUBLE})
  </insert>
  <insert id="insertSelective" parameterType="cn.hshx.pojo.User" >
    insert into user
    <trim prefix="(" suffix=")" suffixOverrides="," >
      <if test="id != null" >
        id,
      </if>
      <if test="name != null" >
        name,
      </if>
      <if test="password != null" >
        password,
      </if>
      <if test="age != null" >
        age,
      </if>
      <if test="qx != null" >
        qx,
      </if>
      <if test="sex != null" >
        sex,
      </if>
      <if test="status != null" >
        status,
      </if>
      <if test="begintime != null" >
        beginTime,
      </if>
      <if test="salary != null" >
        salary,
      </if>
    </trim>
    <trim prefix="values (" suffix=")" suffixOverrides="," >
      <if test="id != null" >
        #{id,jdbcType=VARCHAR},
      </if>
      <if test="name != null" >
        #{name,jdbcType=VARCHAR},
      </if>
      <if test="password != null" >
        #{password,jdbcType=VARCHAR},
      </if>
      <if test="age != null" >
        #{age,jdbcType=INTEGER},
      </if>
      <if test="qx != null" >
        #{qx,jdbcType=VARCHAR},
      </if>
      <if test="sex != null" >
        #{sex,jdbcType=VARCHAR},
      </if>
      <if test="status != null" >
        #{status,jdbcType=CHAR},
      </if>
      <if test="begintime != null" >
        #{begintime,jdbcType=TIMESTAMP},
      </if>
      <if test="salary != null" >
        #{salary,jdbcType=DOUBLE},
      </if>
    </trim>
  </insert>
  <select id="countByExample" parameterType="cn.hshx.pojo.UserExample" resultType="java.lang.Integer" >
    select count(*) from user
    <if test="_parameter != null" >
      <include refid="Example_Where_Clause" />
    </if>
  </select>
  <update id="updateByExampleSelective" parameterType="map" >
    update user
    <set >
      <if test="record.id != null" >
        id = #{record.id,jdbcType=VARCHAR},
      </if>
      <if test="record.name != null" >
        name = #{record.name,jdbcType=VARCHAR},
      </if>
      <if test="record.password != null" >
        password = #{record.password,jdbcType=VARCHAR},
      </if>
      <if test="record.age != null" >
        age = #{record.age,jdbcType=INTEGER},
      </if>
      <if test="record.qx != null" >
        qx = #{record.qx,jdbcType=VARCHAR},
      </if>
      <if test="record.sex != null" >
        sex = #{record.sex,jdbcType=VARCHAR},
      </if>
      <if test="record.status != null" >
        status = #{record.status,jdbcType=CHAR},
      </if>
      <if test="record.begintime != null" >
        beginTime = #{record.begintime,jdbcType=TIMESTAMP},
      </if>
      <if test="record.salary != null" >
        salary = #{record.salary,jdbcType=DOUBLE},
      </if>
    </set>
    <if test="_parameter != null" >
      <include refid="Update_By_Example_Where_Clause" />
    </if>
  </update>
  <update id="updateByExample" parameterType="map" >
    update user
    set id = #{record.id,jdbcType=VARCHAR},
      name = #{record.name,jdbcType=VARCHAR},
      password = #{record.password,jdbcType=VARCHAR},
      age = #{record.age,jdbcType=INTEGER},
      qx = #{record.qx,jdbcType=VARCHAR},
      sex = #{record.sex,jdbcType=VARCHAR},
      status = #{record.status,jdbcType=CHAR},
      beginTime = #{record.begintime,jdbcType=TIMESTAMP},
      salary = #{record.salary,jdbcType=DOUBLE}
    <if test="_parameter != null" >
      <include refid="Update_By_Example_Where_Clause" />
    </if>
  </update>
  <update id="updateByPrimaryKeySelective" parameterType="cn.hshx.pojo.User" >
    update user
    <set >
      <if test="name != null" >
        name = #{name,jdbcType=VARCHAR},
      </if>
      <if test="password != null" >
        password = #{password,jdbcType=VARCHAR},
      </if>
      <if test="age != null" >
        age = #{age,jdbcType=INTEGER},
      </if>
      <if test="qx != null" >
        qx = #{qx,jdbcType=VARCHAR},
      </if>
      <if test="sex != null" >
        sex = #{sex,jdbcType=VARCHAR},
      </if>
      <if test="status != null" >
        status = #{status,jdbcType=CHAR},
      </if>
      <if test="begintime != null" >
        beginTime = #{begintime,jdbcType=TIMESTAMP},
      </if>
      <if test="salary != null" >
        salary = #{salary,jdbcType=DOUBLE},
      </if>
    </set>
    where id = #{id,jdbcType=VARCHAR}
  </update>
  <update id="updateByPrimaryKey" parameterType="cn.hshx.pojo.User" >
    update user
    set name = #{name,jdbcType=VARCHAR},
      password = #{password,jdbcType=VARCHAR},
      age = #{age,jdbcType=INTEGER},
      qx = #{qx,jdbcType=VARCHAR},
      sex = #{sex,jdbcType=VARCHAR},
      status = #{status,jdbcType=CHAR},
      beginTime = #{begintime,jdbcType=TIMESTAMP},
      salary = #{salary,jdbcType=DOUBLE}
    where id = #{id,jdbcType=VARCHAR}
  </update>
</mapper>