<beans xmlns="http://www.springframework.org/schema/beans"
	xmlns:xsi="http://www.w3.org/2001/XMLSchema-instance" xmlns:mvc="http://www.springframework.org/schema/mvc"
	xmlns:context="http://www.springframework.org/schema/context"
	xmlns:aop="http://www.springframework.org/schema/aop" xmlns:tx="http://www.springframework.org/schema/tx"
	xsi:schemaLocation="http://www.springframework.org/schema/beans 
		http://www.springframework.org/schema/beans/spring-beans-3.1.xsd 
		http://www.springframework.org/schema/mvc 
		http://www.springframework.org/schema/mvc/spring-mvc-3.1.xsd 
		http://www.springframework.org/schema/context 
		http://www.springframework.org/schema/context/spring-context-3.1.xsd 
		http://www.springframework.org/schema/aop 
		http://www.springframework.org/schema/aop/spring-aop-3.1.xsd 
		http://www.springframework.org/schema/tx 
		http://www.springframework.org/schema/tx/spring-tx-3.1.xsd ">

	<!-- 加载配置文件 -->
	<context:property-placeholder location="classpath:conf/db.properties" />

	<!-- 数据库连接池 -->
	<bean id="dataSource" class="org.apache.commons.dbcp.BasicDataSource">
		<property name="url" value="${jdbc.url}" />
		<property name="username" value="${jdbc.username}" />
		<property name="password" value="${jdbc.password}" />
		<property name="driverClassName" value="${jdbc.driver}" />
		<property name="maxActive" value="10" />
		<property name="minIdle" value="5" />
	</bean>

	<!-- 事务管理器 -->
	<bean id="transactionManager"
		class="org.springframework.jdbc.datasource.DataSourceTransactionManager">
		<!-- 数据源 -->
		<property name="dataSource" ref="dataSource" />
	</bean>

	<!-- 通知 -->
	<tx:advice id="txAdvice" transaction-manager="transactionManager">
		<tx:attributes>
			<!-- 传播行为 -->
			<tx:method name="save*" propagation="REQUIRED"
				rollback-for="java.lang.Exception" />
			<tx:method name="insert*" propagation="REQUIRED"
				rollback-for="java.lang.Exception" />
			<tx:method name="delete*" propagation="REQUIRED"
				rollback-for="java.lang.Exception" />
			<tx:method name="update*" propagation="REQUIRED"
				rollback-for="java.lang.Exception" />
			<tx:method name="find*" propagation="SUPPORTS" read-only="true" />
			<tx:method name="get*" propagation="SUPPORTS" read-only="true" />
		</tx:attributes>
	</tx:advice>

	<!-- 切面 -->
	<aop:config proxy-target-class="true">
		<aop:advisor advice-ref="txAdvice"
			pointcut="execution(* cn.cart.service.impl.*.*(..))" />
	</aop:config>

	<!-- <bean id="shiroFilter" class="org.apache.shiro.spring.web.ShiroFilterFactoryBean"> 
		<property name="securityManager" ref="securityManager"></property> <property 
		name="loginUrl" value="/login.jsp"></property> <property name="successUrl" 
		value="/index.jsp"></property> <property name="unauthorizedUrl" value="/404.html"></property> 
		<property name="filterChainDefinitions"> <value> /css/** = anon /images/** 
		= anon /js/** = anon /login.jsp* = anon /validatecode.jsp* = anon /login/home.action 
		= anon /json/admin.json = perms["qx"] /page_teacher_student.action= perms["yz"] 
		/WEB-INF/pages/** = anon </value> </property> </bean> -->

	<!-- <bean id="bosRealm" class="JW.shiro.EMSshiro" /> <bean id="securityManager" 
		class="org.apache.shiro.web.mgt.DefaultWebSecurityManager"> 注入上面的realm <property 
		name="realm" ref="bosRealm" /> 注入缓存管理器 <property name="cacheManager" ref="cacheManager" 
		/> </bean> 开启shiro注解 自动代理 <bean id="defaultAdvisorAutoProxyCreator" class="org.springframework.aop.framework.autoproxy.DefaultAdvisorAutoProxyCreator"> 
		强制使用cglib为Action创建代理对象 <property name="proxyTargetClass" value="true" /> 
		</bean> 切面类 <bean class="org.apache.shiro.spring.security.interceptor.AuthorizationAttributeSourceAdvisor" 
		/> -->
</beans>