<beans xmlns="http://www.springframework.org/schema/beans"
	xmlns:xsi="http://www.w3.org/2001/XMLSchema-instance" xmlns:mvc="http://www.springframework.org/schema/mvc"
	xmlns:context="http://www.springframework.org/schema/context"
	xmlns:aop="http://www.springframework.org/schema/aop" xmlns:tx="http://www.springframework.org/schema/tx"
	xsi:schemaLocation="http://www.springframework.org/schema/beans 
		http://www.springframework.org/schema/beans/spring-beans-3.1.xsd 
		http://www.springframework.org/schema/mvc 
		http://www.springframework.org/schema/mvc/spring-mvc-3.1.xsd 
		http://www.springframework.org/schema/context 
		http://www.springframework.org/schema/context/spring-context-3.1.xsd 
		http://www.springframework.org/schema/aop 
		http://www.springframework.org/schema/aop/spring-aop-3.1.xsd 
		http://www.springframework.org/schema/tx 
		http://www.springframework.org/schema/tx/spring-tx-3.1.xsd ">

	<!-- 组件扫描 扫描所有标记@Controller类，由于使用自动扫描所以action类不用在spring配置文件中配置 -->
	<context:component-scan base-package="cn.cart.controller" />

	<!-- 处理器映射器和适配器，可以使用mvc注解驱动 -->
	<mvc:annotation-driven />

	<context:property-placeholder location="classpath:conf/resource.properties" />

	<bean id="multipartResolver"
		class="org.springframework.web.multipart.commons.CommonsMultipartResolver">
		<!-- 设定默认编码 -->
		<property name="defaultEncoding" value="UTF-8"></property>
		<!-- 设定文件上传的最大值5MB，5*1024*1024 -->
		<property name="maxUploadSize" value="5242880"></property>
	</bean>
	
	<!-- 视图解析器 -->
	<bean
		class="org.springframework.web.servlet.view.InternalResourceViewResolver">
		<!-- 将jstl的jar包加入工程，默认支持jstl -->
		<!-- 前缀和后缀可以去掉的，为了方便开发才加的 -->
		<property name="prefix" value="/WEB-INF/jsp" />
		<property name="suffix" value=".jsp" />
	</bean>

	<mvc:interceptors>
		<mvc:interceptor>
			<mvc:mapping path="/cart/**" />
			<mvc:mapping path="/user/*" />
			<mvc:mapping path="/order/*" />
			<bean class="cn.cart.interceptor.LoginInterceptor" />
		</mvc:interceptor>
	</mvc:interceptors>
</beans>