<?xml version="1.0" encoding="utf-8"?>
<!DOCTYPE hibernate-mapping PUBLIC "-//Hibernate/Hibernate Mapping DTD 3.0//EN"
"http://hibernate.sourceforge.net/hibernate-mapping-3.0.dtd">
<!-- Mapping file autogenerated by MyEclipse Persistence Tools -->
<hibernate-mapping>
	<class name="Admin" table="admin">
		<id name="id" type="java.lang.String">
			<column name="id" length="50" />
			<generator class="native"></generator>
		</id>
		<property name="username" type="java.lang.String">
			<column name="username" length="50" />
		</property>
		<property name="password" type="java.lang.String">
			<column name="password" length="50" />
		</property>
		<property name="name" type="java.lang.String">
			<column name="name" length="50" />
		</property>
		<property name="qx" type="java.lang.Integer">
			<column name="qx" />
		</property>
	</class>
</hibernate-mapping>
