<?xml version="1.0" encoding="utf-8"?>
<!DOCTYPE hibernate-mapping PUBLIC "-//Hibernate/Hibernate Mapping DTD 3.0//EN"
"http://hibernate.sourceforge.net/hibernate-mapping-3.0.dtd">
<!-- 
    Mapping file autogenerated by MyEclipse Persistence Tools
-->
<hibernate-mapping>
    <class name="Class" table="t_classs" catalog="school">
        <id name="id" type="java.lang.Integer">
            <column name="id" />
            <generator class="native"></generator>
        </id>
        <many-to-one name="year" class="Year" fetch="select">
            <column name="year_id" />
        </many-to-one>
        <property name="classname" type="java.lang.String">
            <column name="classname" length="30" />
        </property>
        <property name="slogan" type="java.lang.String">
            <column name="Slogan" />
        </property>
        <property name="flag" type="java.lang.String">
            <column name="flag" length="30" />
        </property>
        <set name="students" inverse="true">
            <key>
                <column name="classs_id" />
            </key>
            <one-to-many class="Student" />
        </set>
    </class>
</hibernate-mapping>
