<?xml version="1.0" encoding="utf-8"?>
<!DOCTYPE hibernate-mapping PUBLIC "-//Hibernate/Hibernate Mapping DTD 3.0//EN"
"http://hibernate.sourceforge.net/hibernate-mapping-3.0.dtd">
<!-- 
    Mapping file autogenerated by MyEclipse Persistence Tools
-->
<hibernate-mapping>
    <class name="Exam" table="t_exam" catalog="school">
        <id name="id" type="java.lang.Integer">
            <column name="id" />
            <generator class="native"></generator>
        </id>
        <many-to-one name="subject" class="Subject" fetch="select">
            <column name="subid" />
        </many-to-one>
        <property name="name" type="java.lang.String">
            <column name="name" length="200" />
        </property>
        <set name="scores" inverse="true">
            <key>
                <column name="Exam_id" not-null="true" />
            </key>
            <one-to-many class="Score" />
        </set>
    </class>
</hibernate-mapping>
