<?xml version="1.0" encoding="utf-8"?>
<!DOCTYPE hibernate-mapping PUBLIC "-//Hibernate/Hibernate Mapping DTD 3.0//EN"
"http://hibernate.sourceforge.net/hibernate-mapping-3.0.dtd">
<!-- 
    Mapping file autogenerated by MyEclipse Persistence Tools
-->
<hibernate-mapping>
    <class name="Score" table="t_score" catalog="school">
        <composite-id name="id" class="ScoreId">
            <key-many-to-one name="student" class="Student">
                <column name="Student_id" />
            </key-many-to-one>
            <key-many-to-one name="exam" class="Exam">
                <column name="Exam_id" />
            </key-many-to-one>
        </composite-id>
        <property name="score" type="java.lang.Integer">
            <column name="Score" />
        </property>
    </class>
</hibernate-mapping>
