<?xml version="1.0" encoding="utf-8"?>
<!DOCTYPE hibernate-mapping PUBLIC "-//Hibernate/Hibernate Mapping DTD 3.0//EN"
"http://hibernate.sourceforge.net/hibernate-mapping-3.0.dtd">
<!-- 
    Mapping file autogenerated by MyEclipse Persistence Tools
-->
<hibernate-mapping>
    <class name="Student" table="t_student" catalog="school">
        <id name="sid" type="java.lang.Integer">
            <column name="sid" />
            <generator class="native"></generator>
        </id>
        <many-to-one name="class" class="Class" fetch="select">
            <column name="classs_id" />
        </many-to-one>
        <property name="sname" type="java.lang.String">
            <column name="sname" length="50" />
        </property>
        <property name="sex" type="java.lang.String">
            <column name="sex" length="50" />
        </property>
        <property name="scity" type="java.lang.String">
            <column name="scity" length="50" />
        </property>
        <property name="yearId" type="java.lang.Integer">
            <column name="year_id" />
        </property>
        <property name="password" type="java.lang.String">
            <column name="password" length="50" />
        </property>
        <set name="scores" inverse="true">
            <key>
                <column name="Student_id" not-null="true" />
            </key>
            <one-to-many class="Score" />
        </set>
    </class>
</hibernate-mapping>
