<?xml version="1.0" encoding="utf-8"?>
<!DOCTYPE hibernate-mapping PUBLIC "-//Hibernate/Hibernate Mapping DTD 3.0//EN"
"http://hibernate.sourceforge.net/hibernate-mapping-3.0.dtd">
<!-- 
    Mapping file autogenerated by MyEclipse Persistence Tools
-->
<hibernate-mapping>
    <class name="Subject" table="t_subject" catalog="school">
        <id name="id" type="java.lang.Integer">
            <column name="id" />
            <generator class="native"></generator>
        </id>
        <property name="name" type="java.lang.String">
            <column name="name" length="50" />
        </property>
        <set name="exams" inverse="true">
            <key>
                <column name="subid" />
            </key>
            <one-to-many class="Exam" />
        </set>
    </class>
</hibernate-mapping>
