<?xml version="1.0" encoding="utf-8"?>
<!DOCTYPE hibernate-mapping PUBLIC "-//Hibernate/Hibernate Mapping DTD 3.0//EN"
"http://hibernate.sourceforge.net/hibernate-mapping-3.0.dtd">
<!-- 
    Mapping file autogenerated by MyEclipse Persistence Tools
-->
<hibernate-mapping>
    <class name="Teacher" table="t_teacher" catalog="school">
        <id name="tid" type="java.lang.Integer">
            <column name="tid" />
            <generator class="native"></generator>
        </id>
        <property name="tname" type="java.lang.String">
            <column name="tname" length="50" />
        </property>
        <property name="tsex" type="java.lang.String">
            <column name="tsex" length="50" />
        </property>
        <property name="tage" type="java.lang.String">
            <column name="tage" length="50" />
        </property>
        <property name="title" type="java.lang.String">
            <column name="title" length="50" />
        </property>
        <property name="password" type="java.lang.String">
            <column name="password" length="50" />
        </property>
    </class>
</hibernate-mapping>
