<?xml version="1.0" encoding="utf-8"?>
<!DOCTYPE hibernate-mapping PUBLIC "-//Hibernate/Hibernate Mapping DTD 3.0//EN"
"http://hibernate.sourceforge.net/hibernate-mapping-3.0.dtd">
<!-- 
    Mapping file autogenerated by MyEclipse Persistence Tools
-->
<hibernate-mapping>
    <class name="User" table="t_user" catalog="school">
        <id name="id" type="java.lang.Integer">
            <column name="id" />
            <generator class="native"></generator>
        </id>
        <property name="uuid" type="java.lang.String">
            <column name="uuid" length="30" />
        </property>
        <property name="password" type="java.lang.String">
            <column name="password" length="30" />
        </property>
    </class>
</hibernate-mapping>
