<?xml version="1.0" encoding="utf-8"?>
<!DOCTYPE hibernate-mapping PUBLIC "-//Hibernate/Hibernate Mapping DTD 3.0//EN"
"http://hibernate.sourceforge.net/hibernate-mapping-3.0.dtd">
<!-- 
    Mapping file autogenerated by MyEclipse Persistence Tools
-->
<hibernate-mapping>
    <class name="Year" table="t_year" catalog="school">
        <id name="id" type="java.lang.Integer">
            <column name="id" />
            <generator class="native"></generator>
        </id>
        <property name="yearname" type="java.lang.String">
            <column name="yearname" length="200" />
        </property>
        <set name="classes" inverse="true">
            <key>
                <column name="year_id" />
            </key>
            <one-to-many class="Class" />
        </set>
    </class>
</hibernate-mapping>
