<?xml version="1.0" encoding="UTF-8" ?>
<beans xmlns="http://www.springframework.org/schema/beans" xmlns:xsi="http://www.w3.org/2001/XMLSchema-instance"
       xmlns:aop="http://www.springframework.org/schema/aop" xmlns:tx="http://www.springframework.org/schema/tx"
       xmlns:context="http://www.springframework.org/schema/context"
       xsi:schemaLocation="http://www.springframework.org/schema/beans http://www.springframework.org/schema/beans/spring-beans.xsd http://www.springframework.org/schema/tx http://www.springframework.org/schema/tx/spring-tx.xsd http://www.springframework.org/schema/aop http://www.springframework.org/schema/aop/spring-aop.xsd http://www.springframework.org/schema/context http://www.springframework.org/schema/context/spring-context.xsd">
    <context:property-placeholder location="classpath:jdbcInfo.properties"/>

    <!--数据源-->
    <bean id="dataSource" class="com.mchange.v2.c3p0.ComboPooledDataSource">
        <property name="driverClass" value="${jdbc.driverClass}"/>
        <property name="jdbcUrl" value="${jdbc.jdbcUrl}"/>
        <property name="user" value="${jdbc.user}"/>
        <property name="password" value="${jdbc.password}"/>
    </bean>
    <!--spring框架用于整合Hibernate的工厂bean-->
    <bean id="sessionFactory" class="org.springframework.orm.hibernate3.LocalSessionFactoryBean">
        <property name="dataSource" ref="dataSource"/>
        <property name="hibernateProperties">
            <props>
                <prop key="hibernate.dialect">org.hibernate.dialect.MySQL5Dialect</prop>
                <prop key="hibernate.show_sql">true</prop>
                <prop key="hibernate.format_sql">true</prop>
                <prop key="hibernate.hbm2ddl.auto">update</prop>
            </props>
        </property>
        <property name="mappingDirectoryLocations">
            <list>
                <value>classpath:bos19/domain</value>
            </list>
        </property>
    </bean>
    <!--事物管理器-->
    <bean id="transactionManager" class="org.springframework.orm.hibernate3.HibernateTransactionManager">
        <property name="sessionFactory" ref="sessionFactory"></property>
    </bean>
    <!--组件扫描-->
    <context:component-scan base-package="bos19"></context:component-scan>
    <!--引入注解解析器-->
    <context:annotation-config/>
    <!--事物注解-->
    <tx:annotation-driven/>

    <bean id="customerService" class="org.springframework.remoting.caucho.HessianProxyFactoryBean">
        <!--  注入接口类型  -->
        <property name="serviceInterface" value="bos19.crm.CustomerService"/>
        <!--  服务访问路径 -->
        <property name="serviceUrl" value="http://localhost:8080/crm/remoting/customer"/>
    </bean>
    <bean id="shiroFilter" class="org.apache.shiro.spring.web.ShiroFilterFactoryBean">
        <property name="securityManager" ref="securityManager"></property>
        <property name="loginUrl" value="/login.jsp"></property>
        <property name="successUrl" value="/index.jsp"></property>
        <property name="unauthorizedUrl" value="/404.html"></property>
        <property name="filterChainDefinitions">
            <value>
                /css/** = anon
                /images/** = anon
                /js/** = anon
                /login.jsp* = anon
                /validatecode.jsp* = anon
                /userAction_login.action = anon
                /page_base_staff.action = perms["staff"]
                /* = authc
            </value>
        </property>
    </bean>

    <!-- 注册自定义realm -->
    <bean id="bosRealm" class="bos19.shiro.BOSRealm"></bean>

    <bean id="securityManager" class="org.apache.shiro.web.mgt.DefaultWebSecurityManager">
        <property name="realm" ref="bosRealm"></property>
        <property name="cacheManager" ref="cacheManager"></property>
    </bean>

    <!-- 注册缓存管理器 -->
    <bean id="cacheManager" class="org.apache.shiro.cache.ehcache.EhCacheManager">
        <property name="cacheManagerConfigFile" value="classpath:ehcache.xml"></property>
    </bean>
    <!--  开启shiro注解 -->
    <!--  自动代理 -->
    <bean id="defaultAdvisorAutoProxyCreator"
          class="org.springframework.aop.framework.autoproxy.DefaultAdvisorAutoProxyCreator">
        <!--  强制使用cglib为Action创建代理对象 -->
        <property name="proxyTargetClass" value="true"/>
    </bean>
    <!--  切面类-->
    <bean class="org.apache.shiro.spring.security.interceptor.AuthorizationAttributeSourceAdvisor"/>
    <bean id="processEngineConfiguration" class="org.activiti.spring.SpringProcessEngineConfiguration">
        <!--  注入数据源 -->
        <property name="dataSource" ref="dataSource"/>
        <!--  注入事务管理器对象 -->
        <property name="transactionManager" ref="transactionManager"/>
        <property name="databaseSchemaUpdate" value="true"/>
    </bean>
    <!--  使用工厂创建流程引擎对象 -->
    <bean id="processEngine" class="org.activiti.spring.ProcessEngineFactoryBean">
        <property name="processEngineConfiguration" ref="processEngineConfiguration"/>
    </bean>
    <!--  注册Service -->
    <bean id="repositoryService" factory-bean="processEngine" factory-method="getRepositoryService"/>
    <bean id="runtimeService" factory-bean="processEngine" factory-method="getRuntimeService"/>
    <bean id="taskService" factory-bean="processEngine" factory-method="getTaskService"/>
    <bean id="identityService" factory-bean="processEngine" factory-method="getIdentityService"/>

</beans>