<?xml version="1.0" encoding="UTF-8"?>

<!DOCTYPE struts PUBLIC
        "-//Apache Software Foundation//DTD Struts Configuration 2.3//EN"
        "http://struts.apache.org/dtds/struts-2.3.dtd">

<struts>
    <constant name="struts.devMode" value="true"/>
    <constant name="struts.objectFactory" value="spring"/>
    <constant name="struts.custom.i18n.resources" value="message"></constant>
    <package name="basicstruts2" extends="struts-default" namespace="/">
        <!--<interceptors>
            &lt;!&ndash; 注册拦截器 &ndash;&gt;
            <interceptor name="BOSLoginInterceptor" class="bos19.web.interceptor.BOSLoginInterceptor"/>
            &lt;!&ndash; 拦截器栈 &ndash;&gt;
            <interceptor-stack name="loginStack">
                <interceptor-ref name="defaultStack"/>
                &lt;!&ndash; 自定义拦截需要进行login不进行拦截 * excludeMethods 配置不包含的方法，多个方法使用逗号分隔 &ndash;&gt;
                <interceptor-ref name="BOSLoginInterceptor">
                    <param name="excludeMethods">login</param>
                </interceptor-ref>
            </interceptor-stack>
        </interceptors>
        &lt;!&ndash; 指定默认栈 &ndash;&gt;
        <default-interceptor-ref name="loginStack"/>-->

        <global-results>
            <result name="login">/login.jsp</result>
        </global-results>

        <global-exception-mappings>
            <exception-mapping exception="/404.html"
                               result="org.apache.shiro.authz.AuthorizationException"></exception-mapping>
        </global-exception-mappings>

        <action name="page_*_*">
            <result name="success" type="dispatcher">/WEB-INF/pages/{1}/{2}.jsp</result>
        </action>

        <action name="userAction_*" class="bos19.web.action.UserAction" method="{1}">
            <result name="home">/index.jsp</result>
            <result name="list">/WEB-INF/pages/admin/userlist.jsp</result>
        </action>

        <action name="staffAction_*" class="bos19.web.action.StaffAction" method="{1}">
            <result name="list">/WEB-INF/pages/base/staff.jsp</result>
        </action>

        <action name="regionAction_*" class="bos19.web.action.RegionAction" method="{1}">
            <result name="list">/WEB-INF/pages/base/region.jsp</result>
        </action>

        <action name="subareaAction_*" class="bos19.web.action.SubareaAction" method="{1}">
            <result name="list">/WEB-INF/pages/base/subarea.jsp</result>
        </action>

        <action name="decidedzoneAction_*" class="bos19.web.action.DecidedzoneAction" method="{1}">
            <result name="list">/WEB-INF/pages/base/decidedzone.jsp</result>
        </action>

        <action name="functionAction_*" class="bos19.web.action.FunctionAction" method="{1}">
            <result name="list">/WEB-INF/pages/admin/function.jsp</result>
        </action>

        <action name="roleAction_*" class="bos19.web.action.RoleAction" method="{1}">
            <result name="list">/WEB-INF/pages/admin/role.jsp</result>
        </action>

        <action name="processDefinitionAction_*" class="processDefinitionAction" method="{1}">
            <result name="list">/WEB-INF/pages/workflow/processdefinition_list.jsp</result>
            <result name="toList" type="redirectAction">processDefinitionAction_list</result>
            <result name="showpng" type="stream">
                <param name="contentType">image/png</param>
                <param name="inputName">pngStream</param>
                <!--
                       <param name="contentDisposition">attachment;filename="abc.png"</param>
                       <param name="bufferSize">1024</param>
                 -->
            </result>
        </action>
    </package>
</struts>