<?xml version="1.0" encoding="UTF-8"?>
<!DOCTYPE hibernate-mapping PUBLIC 
    "-//Hibernate/Hibernate Mapping DTD 3.0//EN"
    "http://www.hibernate.org/dtd/hibernate-mapping-3.0.dtd">
<hibernate-mapping package="user.domain">
	<!-- * id 用户ID int 主键 username 用户账号 varchar(20) 非空 password 用户密码 varchar(20) 
		非空 * name 真实姓名 varchar(20) 非空 nic 用户昵称 varchar(20) 非空 sex 性别 char(2) 非空 age 
		年龄 * int 无 Email 电子邮件 varchar(30) 无 phone 电话 varchar(20) 无 selfshow 个人说明 
		* varchar(300) 无 */ -->
	<class name="User" table="user">
		<id name="id">
			<generator class="uuid"></generator>
		</id>

		<property name="username"></property>
		<property name="password"></property>
		<property name="name"></property>
		<property name="nic"></property>
		<property name="sex"></property>
		<property name="age"></property>
		<property name="Email"></property>
		<property name="phone"></property>
		<property name="selfshow"></property>

	</class>
</hibernate-mapping>