<?xml version="1.0" encoding="UTF-8"?>
<!DOCTYPE hibernate-mapping PUBLIC 
    "-//Hibernate/Hibernate Mapping DTD 3.0//EN"
    "http://www.hibernate.org/dtd/hibernate-mapping-3.0.dtd">

<hibernate-mapping package="day37_spring.crm.department.domain">
	<class name="CrmDepartment" table="crm_department">
		<id name="depId">
			<generator class="uuid"></generator>
		</id>
		<property name="depName"></property>
		<set name="postSet">
			<key column="depId"></key>
			<one-to-many class="day37_spring.crm.post.domain.CrmPost" />
		</set>
	</class>
</hibernate-mapping>