<?xml version="1.0" encoding="UTF-8"?>
<!DOCTYPE hibernate-configuration PUBLIC
	"-//Hibernate/Hibernate Configuration DTD 3.0//EN"
	"http://www.hibernate.org/dtd/hibernate-configuration-3.0.dtd">

<hibernate-configuration>
<session-factory name="foo">
	<property name="hibernate.connection.driver_class">
		com.mysql.jdbc.Driver
	</property>
	<property name="hibernate.connection.username">root</property>
	<property name="hibernate.connection.password">123456</property>
	<property name="hibernate.connection.url">
		jdbc:mysql://localhost:3306/student
	</property>

	<property name="hibernate.dialect">
		org.hibernate.dialect.MySQLDialect
	</property>
	<property name="show_sql">true</property>
	<property name="format_sql">true</property>
	<property name="hbm2ddl.auto">update</property>
	<property name="current_session_context_class">thread</property>
	<property name="hibernate.connection.autocommit">true</property>
	<mapping resource="domain/Student.hbm.xml" />
	<mapping resource="domain/Teacher.xml" />
</session-factory>
</hibernate-configuration>
