<?xml version="1.0" encoding="UTF-8"?>
<!DOCTYPE struts PUBLIC
	"-//Apache Software Foundation//DTD Struts Configuration 2.3//EN"
	"http://struts.apache.org/dtds/struts-2.3.dtd">
<struts>
	<constant name="struts.devMode" value="true"></constant>
	<package name="p1" extends="struts-default">
		<action name="register" class="struts.addAction" method="register">
			<result name="success">/success.jsp</result>
		</action>
		
		<action name="login" class="struts.loginAction" method="login">
			<result name="success">/loginsuccess.jsp</result>
			<result name="error">/error.jsp</result>
		</action>
	</package>
</struts>
	
