<?xml version="1.0" encoding="UTF-8"?>
<!DOCTYPE hibernate-mapping PUBLIC 
    "-//Hibernate/Hibernate Mapping DTD 3.0//EN"
    "http://www.hibernate.org/dtd/hibernate-mapping-3.0.dtd">

<hibernate-mapping package="day37_spring.crm.post.domain">
	<class name="CrmPost" table="crm_post">
		<id name="postId">
			<generator class="uuid"></generator>
		</id>
		<property name="postName"></property>

		<many-to-one name="department" class="day37_spring.crm.department.domain.CrmDepartment"
			column="depId"></many-to-one>

		<set name="crmStaff">
			<key column="postId"></key>
			<one-to-many class="day37_spring.crm.staff.domain.CrmStaff" />
		</set>
	</class>
</hibernate-mapping>