<?xml version="1.0" encoding="UTF-8"?>
<!DOCTYPE struts PUBLIC
    "-//Apache Software Foundation//DTD Struts Configuration 2.3//EN"
    "http://struts.apache.org/dtds/struts-2.3.dtd">
<struts>
	<constant name="struts.devMode" value="true" />
	<constant name="struts.ui.theme" value="css_xhtml" />
	<package name="common" namespace="/" extends="struts-default">
		<action name="uiAction_*_*_*">
			<result>/WEB-INF/pages/{1}/{2}/{3}.jsp</result>
		</action>
	</package>

	<include file="struts/struts-admin.xml"></include>
	<include file="struts/struts-user.xml"></include>
</struts>