<beans xmlns="http://www.springframework.org/schema/beans"
	xmlns:xsi="http://www.w3.org/2001/XMLSchema-instance" xmlns:mvc="http://www.springframework.org/schema/mvc"
	xmlns:context="http://www.springframework.org/schema/context"
	xmlns:aop="http://www.springframework.org/schema/aop" xmlns:tx="http://www.springframework.org/schema/tx"
	xsi:schemaLocation="http://www.springframework.org/schema/beans 
		http://www.springframework.org/schema/beans/spring-beans-3.1.xsd 
		http://www.springframework.org/schema/mvc 
		http://www.springframework.org/schema/mvc/spring-mvc-3.1.xsd 
		http://www.springframework.org/schema/context 
		http://www.springframework.org/schema/context/spring-context-3.1.xsd 
		http://www.springframework.org/schema/aop 
		http://www.springframework.org/schema/aop/spring-aop-3.1.xsd 
		http://www.springframework.org/schema/tx 
		http://www.springframework.org/schema/tx/spring-tx-3.1.xsd ">

	<!-- 组件扫描 扫描所有标记@Controller类，由于使用自动扫描所以action类不用在spring配置文件中配置 -->
	<context:component-scan base-package="cn.hshx.controller" />

	<!-- 处理器映射器和适配器，可以使用mvc注解驱动 -->
	<mvc:annotation-driven />


	<!-- 视图解析器 -->
	<bean
		class="org.springframework.web.servlet.view.InternalResourceViewResolver">
		<!-- 将jstl的jar包加入工程，默认支持jstl -->
		<!-- 前缀和后缀可以去掉的，为了方便开发才加的 -->
		<property name="prefix" value="/WEB-INF/pages" />
		<property name="suffix" value=".jsp" />
	</bean>

	<!-- json转换器 -->
	<bean id="jsonMessageConverter"
		class="org.springframework.http.converter.json.MappingJacksonHttpMessageConverter">
	</bean>

	<!--启用shiro注解 -->
	<!-- <bean class="org.springframework.aop.framework.autoproxy.DefaultAdvisorAutoProxyCreator" 
		depends-on="lifecycleBeanPostProcessor"> <property name="proxyTargetClass" 
		value="true" /> </bean> <bean class="org.apache.shiro.spring.security.interceptor.AuthorizationAttributeSourceAdvisor"> 
		<property name="securityManager" ref="securityManager" /> </bean> -->
</beans>